game_id,season,game_type,week,gameday,away_team,away_score,home_team,home_score
59173,2023,REG,1,2023-09-07,DET,21,KC,20
59174,2023,REG,1,2023-09-10,CAR,10,ATL,24
59175,2023,REG,1,2023-09-10,HOU,9,BAL,25
59176,2023,REG,1,2023-09-10,CIN,3,CLE,24
59177,2023,REG,1,2023-09-10,JAX,31,IND,21
59178,2023,REG,1,2023-09-10,TB,20,MIN,17
59179,2023,REG,1,2023-09-10,TEN,15,NO,16
59180,2023,REG,1,2023-09-10,SF,30,PIT,7
59181,2023,REG,1,2023-09-10,ARI,16,WAS,20
59182,2023,REG,1,2023-09-10,GB,38,CHI,20
59183,2023,REG,1,2023-09-10,LV,17,DEN,16
59184,2023,REG,1,2023-09-10,MIA,36,LAC,34
59185,2023,REG,1,2023-09-10,PHI,25,NE,20
59186,2023,REG,1,2023-09-10,LA,30,SEA,13
59187,2023,REG,1,2023-09-10,DAL,40,NYG,0
59188,2023,REG,1,2023-09-11,BUF,16,NYJ,22
59189,2023,REG,2,2023-09-14,MIN,28,PHI,34
59190,2023,REG,2,2023-09-17,GB,24,ATL,25
59191,2023,REG,2,2023-09-17,LV,10,BUF,38
59192,2023,REG,2,2023-09-17,BAL,27,CIN,24
59193,2023,REG,2,2023-09-17,SEA,37,DET,31
59194,2023,REG,2,2023-09-17,IND,31,HOU,20
59195,2023,REG,2,2023-09-17,KC,17,JAX,9
59196,2023,REG,2,2023-09-17,CHI,17,TB,27
59197,2023,REG,2,2023-09-17,LAC,24,TEN,27
59198,2023,REG,2,2023-09-17,NYG,31,ARI,28
59199,2023,REG,2,2023-09-17,SF,30,LA,23
59200,2023,REG,2,2023-09-17,NYJ,10,DAL,30
59201,2023,REG,2,2023-09-17,WAS,35,DEN,33
59202,2023,REG,2,2023-09-17,MIA,24,NE,17
59203,2023,REG,2,2023-09-18,NO,20,CAR,17
59204,2023,REG,2,2023-09-18,CLE,22,PIT,26
59205,2023,REG,3,2023-09-21,NYG,12,SF,30
59206,2023,REG,3,2023-09-24,IND,22,BAL,19
59207,2023,REG,3,2023-09-24,TEN,3,CLE,27
59208,2023,REG,3,2023-09-24,ATL,6,DET,20
59209,2023,REG,3,2023-09-24,NO,17,GB,18
59210,2023,REG,3,2023-09-24,HOU,37,JAX,17
59211,2023,REG,3,2023-09-24,DEN,20,MIA,70
59212,2023,REG,3,2023-09-24,LAC,28,MIN,24
59213,2023,REG,3,2023-09-24,NE,15,NYJ,10
59214,2023,REG,3,2023-09-24,BUF,37,WAS,3
59215,2023,REG,3,2023-09-24,CAR,27,SEA,37
59216,2023,REG,3,2023-09-24,DAL,16,ARI,28
59217,2023,REG,3,2023-09-24,CHI,10,KC,41
59218,2023,REG,3,2023-09-24,PIT,23,LV,18
59219,2023,REG,3,2023-09-25,PHI,25,TB,11
59220,2023,REG,3,2023-09-25,LA,16,CIN,19
59221,2023,REG,4,2023-09-28,DET,34,GB,20
59222,2023,REG,4,2023-10-01,ATL,7,JAX,23
59223,2023,REG,4,2023-10-01,MIA,20,BUF,48
59224,2023,REG,4,2023-10-01,MIN,21,CAR,13
59225,2023,REG,4,2023-10-01,DEN,31,CHI,28
59226,2023,REG,4,2023-10-01,BAL,28,CLE,3
59227,2023,REG,4,2023-10-01,PIT,6,HOU,30
59228,2023,REG,4,2023-10-01,LA,29,IND,23
59229,2023,REG,4,2023-10-01,TB,26,NO,9
59230,2023,REG,4,2023-10-01,WAS,31,PHI,34
59231,2023,REG,4,2023-10-01,CIN,3,TEN,27
59232,2023,REG,4,2023-10-01,LV,17,LAC,24
59233,2023,REG,4,2023-10-01,NE,3,DAL,38
59234,2023,REG,4,2023-10-01,ARI,16,SF,35
59235,2023,REG,4,2023-10-01,KC,23,NYJ,20
59236,2023,REG,4,2023-10-02,SEA,24,NYG,3
59237,2023,REG,5,2023-10-05,CHI,40,WAS,20
59238,2023,REG,5,2023-10-08,JAX,25,BUF,20
59239,2023,REG,5,2023-10-08,HOU,19,ATL,21
59240,2023,REG,5,2023-10-08,CAR,24,DET,42
59241,2023,REG,5,2023-10-08,TEN,16,IND,23
59242,2023,REG,5,2023-10-08,NYG,16,MIA,31
59243,2023,REG,5,2023-10-08,NO,34,NE,0
59244,2023,REG,5,2023-10-08,BAL,10,PIT,17
59245,2023,REG,5,2023-10-08,CIN,34,ARI,20
59246,2023,REG,5,2023-10-08,PHI,23,LA,14
59247,2023,REG,5,2023-10-08,NYJ,31,DEN,21
59248,2023,REG,5,2023-10-08,KC,27,MIN,20
59249,2023,REG,5,2023-10-08,DAL,10,SF,42
59250,2023,REG,5,2023-10-09,GB,13,LV,17
59251,2023,REG,6,2023-10-12,DEN,8,KC,19
59252,2023,REG,6,2023-10-15,BAL,24,TEN,16
59253,2023,REG,6,2023-10-15,WAS,24,ATL,16
59254,2023,REG,6,2023-10-15,MIN,19,CHI,13
59255,2023,REG,6,2023-10-15,SEA,13,CIN,17
59256,2023,REG,6,2023-10-15,SF,17,CLE,19
59257,2023,REG,6,2023-10-15,NO,13,HOU,20
59258,2023,REG,6,2023-10-15,IND,20,JAX,37
59259,2023,REG,6,2023-10-15,CAR,21,MIA,42
59261,2023,REG,6,2023-10-15,NE,17,LV,21
59262,2023,REG,6,2023-10-15,ARI,9,LA,26
59263,2023,REG,6,2023-10-15,PHI,14,NYJ,20
59260,2023,REG,6,2023-10-15,DET,20,TB,6
59264,2023,REG,6,2023-10-15,NYG,9,BUF,14
59265,2023,REG,6,2023-10-16,DAL,20,LAC,17
59266,2023,REG,7,2023-10-19,JAX,31,NO,24
59267,2023,REG,7,2023-10-22,DET,6,BAL,38
59268,2023,REG,7,2023-10-22,LV,12,CHI,30
59269,2023,REG,7,2023-10-22,CLE,39,IND,38
59270,2023,REG,7,2023-10-22,BUF,25,NE,29
59271,2023,REG,7,2023-10-22,WAS,7,NYG,14
59272,2023,REG,7,2023-10-22,ATL,16,TB,13
59273,2023,REG,7,2023-10-22,PIT,24,LA,17
59274,2023,REG,7,2023-10-22,ARI,10,SEA,20
59275,2023,REG,7,2023-10-22,GB,17,DEN,19
59276,2023,REG,7,2023-10-22,LAC,17,KC,31
59277,2023,REG,7,2023-10-22,MIA,17,PHI,31
59278,2023,REG,7,2023-10-23,SF,17,MIN,22
59279,2023,REG,8,2023-10-26,TB,18,BUF,24
59280,2023,REG,8,2023-10-29,HOU,13,CAR,15
59281,2023,REG,8,2023-10-29,LA,20,DAL,43
59282,2023,REG,8,2023-10-29,MIN,24,GB,10
59283,2023,REG,8,2023-10-29,NO,38,IND,27
59284,2023,REG,8,2023-10-29,NE,17,MIA,31
59285,2023,REG,8,2023-10-29,NYJ,13,NYG,10
59286,2023,REG,8,2023-10-29,JAX,20,PIT,10
59287,2023,REG,8,2023-10-29,ATL,23,TEN,28
59288,2023,REG,8,2023-10-29,PHI,38,WAS,31
59289,2023,REG,8,2023-10-29,CLE,20,SEA,24
59290,2023,REG,8,2023-10-29,BAL,31,ARI,24
59291,2023,REG,8,2023-10-29,KC,9,DEN,24
59292,2023,REG,8,2023-10-29,CIN,31,SF,17
59293,2023,REG,8,2023-10-29,CHI,13,LAC,30
59294,2023,REG,8,2023-10-30,LV,14,DET,26
59295,2023,REG,9,2023-11-02,TEN,16,PIT,20
59296,2023,REG,9,2023-11-05,MIA,14,KC,21
59297,2023,REG,9,2023-11-05,MIN,31,ATL,28
59298,2023,REG,9,2023-11-05,SEA,3,BAL,37
59299,2023,REG,9,2023-11-05,ARI,0,CLE,27
59300,2023,REG,9,2023-11-05,LA,3,GB,20
59301,2023,REG,9,2023-11-05,TB,37,HOU,39
59302,2023,REG,9,2023-11-05,WAS,20,NE,17
59303,2023,REG,9,2023-11-05,CHI,17,NO,24
59304,2023,REG,9,2023-11-05,IND,27,CAR,13
59305,2023,REG,9,2023-11-05,NYG,6,LV,30
59306,2023,REG,9,2023-11-05,DAL,23,PHI,28
59307,2023,REG,9,2023-11-05,BUF,18,CIN,24
59308,2023,REG,9,2023-11-06,LAC,27,NYJ,6
59309,2023,REG,10,2023-11-09,CAR,13,CHI,16
59310,2023,REG,10,2023-11-12,IND,10,NE,6
59311,2023,REG,10,2023-11-12,CLE,33,BAL,31
59312,2023,REG,10,2023-11-12,HOU,30,CIN,27
59313,2023,REG,10,2023-11-12,SF,34,JAX,3
59314,2023,REG,10,2023-11-12,NO,19,MIN,27
59315,2023,REG,10,2023-11-12,GB,19,PIT,23
59316,2023,REG,10,2023-11-12,TEN,6,TB,20
59317,2023,REG,10,2023-11-12,ATL,23,ARI,25
59318,2023,REG,10,2023-11-12,DET,41,LAC,38
59319,2023,REG,10,2023-11-12,NYG,17,DAL,49
59320,2023,REG,10,2023-11-12,WAS,26,SEA,29
59321,2023,REG,10,2023-11-12,NYJ,12,LV,16
59322,2023,REG,10,2023-11-13,DEN,24,BUF,22
59323,2023,REG,11,2023-11-16,CIN,20,BAL,34
59324,2023,REG,11,2023-11-19,DAL,33,CAR,10
59325,2023,REG,11,2023-11-19,PIT,10,CLE,13
59326,2023,REG,11,2023-11-19,CHI,26,DET,31
59327,2023,REG,11,2023-11-19,LAC,20,GB,23
59328,2023,REG,11,2023-11-19,ARI,16,HOU,21
59329,2023,REG,11,2023-11-19,TEN,14,JAX,34
59330,2023,REG,11,2023-11-19,LV,13,MIA,20
59331,2023,REG,11,2023-11-19,NYG,31,WAS,19
59332,2023,REG,11,2023-11-19,TB,14,SF,27
59333,2023,REG,11,2023-11-19,NYJ,6,BUF,32
59334,2023,REG,11,2023-11-19,SEA,16,LA,17
59335,2023,REG,11,2023-11-19,MIN,20,DEN,21
59336,2023,REG,11,2023-11-20,PHI,21,KC,17
59337,2023,REG,12,2023-11-23,GB,29,DET,22
59338,2023,REG,12,2023-11-23,WAS,10,DAL,45
59339,2023,REG,12,2023-11-23,SF,31,SEA,13
59340,2023,REG,12,2023-11-24,MIA,34,NYJ,13
59341,2023,REG,12,2023-11-26,NO,15,ATL,24
59342,2023,REG,12,2023-11-26,PIT,16,CIN,10
59343,2023,REG,12,2023-11-26,JAX,24,HOU,21
59344,2023,REG,12,2023-11-26,TB,20,IND,27
59345,2023,REG,12,2023-11-26,NE,7,NYG,10
59346,2023,REG,12,2023-11-26,CAR,10,TEN,17
59347,2023,REG,12,2023-11-26,LA,37,ARI,14
59348,2023,REG,12,2023-11-26,CLE,12,DEN,29
59349,2023,REG,12,2023-11-26,KC,31,LV,17
59350,2023,REG,12,2023-11-26,BUF,34,PHI,37
59351,2023,REG,12,2023-11-26,BAL,20,LAC,10
59352,2023,REG,12,2023-11-27,CHI,12,MIN,10
59353,2023,REG,13,2023-11-30,SEA,35,DAL,41
59361,2023,REG,13,2023-12-03,DEN,17,HOU,22
59354,2023,REG,13,2023-12-03,LAC,6,NE,0
59355,2023,REG,13,2023-12-03,DET,33,NO,28
59356,2023,REG,13,2023-12-03,ATL,13,NYJ,8
59357,2023,REG,13,2023-12-03,ARI,24,PIT,10
59359,2023,REG,13,2023-12-03,IND,31,TEN,28
59360,2023,REG,13,2023-12-03,MIA,45,WAS,15
59358,2023,REG,13,2023-12-03,CAR,18,TB,21
59362,2023,REG,13,2023-12-03,CLE,19,LA,36
59363,2023,REG,13,2023-12-03,SF,42,PHI,19
59364,2023,REG,13,2023-12-03,KC,19,GB,27
59365,2023,REG,13,2023-12-04,CIN,34,JAX,31
59366,2023,REG,14,2023-12-07,NE,21,PIT,18
59367,2023,REG,14,2023-12-10,TB,29,ATL,25
59368,2023,REG,14,2023-12-10,LA,31,BAL,37
59369,2023,REG,14,2023-12-10,DET,13,CHI,28
59370,2023,REG,14,2023-12-10,IND,14,CIN,34
59371,2023,REG,14,2023-12-10,JAX,27,CLE,31
59372,2023,REG,14,2023-12-10,CAR,6,NO,28
59373,2023,REG,14,2023-12-10,HOU,6,NYJ,30
59374,2023,REG,14,2023-12-10,MIN,3,LV,0
59375,2023,REG,14,2023-12-10,SEA,16,SF,28
59376,2023,REG,14,2023-12-10,BUF,20,KC,17
59377,2023,REG,14,2023-12-10,DEN,24,LAC,7
59378,2023,REG,14,2023-12-10,PHI,13,DAL,33
59379,2023,REG,14,2023-12-11,TEN,28,MIA,27
59380,2023,REG,14,2023-12-11,GB,22,NYG,24
59381,2023,REG,15,2023-12-14,LAC,21,LV,63
59383,2023,REG,15,2023-12-16,MIN,24,CIN,27
59386,2023,REG,15,2023-12-16,PIT,13,IND,30
59385,2023,REG,15,2023-12-16,DEN,17,DET,42
59382,2023,REG,15,2023-12-17,ATL,7,CAR,9
59384,2023,REG,15,2023-12-17,CHI,17,CLE,20
59387,2023,REG,15,2023-12-17,TB,34,GB,20
59388,2023,REG,15,2023-12-17,NYJ,0,MIA,30
59396,2023,REG,15,2023-12-17,KC,27,NE,17
59389,2023,REG,15,2023-12-17,NYG,6,NO,24
59390,2023,REG,15,2023-12-17,HOU,19,TEN,16
59391,2023,REG,15,2023-12-17,SF,45,ARI,29
59392,2023,REG,15,2023-12-17,WAS,20,LA,28
59393,2023,REG,15,2023-12-17,DAL,10,BUF,31
59395,2023,REG,15,2023-12-17,BAL,23,JAX,7
59394,2023,REG,15,2023-12-18,PHI,17,SEA,20
59397,2023,REG,16,2023-12-21,NO,22,LA,30
59398,2023,REG,16,2023-12-23,CIN,11,PIT,34
59399,2023,REG,16,2023-12-23,BUF,24,LAC,22
59400,2023,REG,16,2023-12-24,IND,10,ATL,29
59401,2023,REG,16,2023-12-24,GB,33,CAR,30
59402,2023,REG,16,2023-12-24,CLE,36,HOU,22
59403,2023,REG,16,2023-12-24,DET,30,MIN,24
59404,2023,REG,16,2023-12-24,WAS,28,NYJ,30
59405,2023,REG,16,2023-12-24,SEA,20,TEN,17
59406,2023,REG,16,2023-12-24,JAX,12,TB,30
59407,2023,REG,16,2023-12-24,ARI,16,CHI,27
59408,2023,REG,16,2023-12-24,DAL,20,MIA,22
59409,2023,REG,16,2023-12-24,NE,26,DEN,23
59410,2023,REG,16,2023-12-25,LV,20,KC,14
59411,2023,REG,16,2023-12-25,NYG,25,PHI,33
59412,2023,REG,16,2023-12-25,BAL,33,SF,19
59413,2023,REG,17,2023-12-28,NYJ,20,CLE,37
59414,2023,REG,17,2023-12-30,DET,19,DAL,20
59415,2023,REG,17,2023-12-31,MIA,19,BAL,56
59416,2023,REG,17,2023-12-31,NE,21,BUF,27
59417,2023,REG,17,2023-12-31,ATL,17,CHI,37
59418,2023,REG,17,2023-12-31,TEN,3,HOU,26
59419,2023,REG,17,2023-12-31,LV,20,IND,23
59420,2023,REG,17,2023-12-31,CAR,0,JAX,26
59421,2023,REG,17,2023-12-31,LA,26,NYG,25
59422,2023,REG,17,2023-12-31,ARI,35,PHI,31
59423,2023,REG,17,2023-12-31,NO,23,TB,13
59424,2023,REG,17,2023-12-31,SF,27,WAS,10
59425,2023,REG,17,2023-12-31,PIT,30,SEA,23
59426,2023,REG,17,2023-12-31,LAC,9,DEN,16
59427,2023,REG,17,2023-12-31,CIN,17,KC,25
59428,2023,REG,17,2023-12-31,GB,33,MIN,10
59430,2023,REG,18,2024-01-06,PIT,17,BAL,10
59435,2023,REG,18,2024-01-06,HOU,23,IND,19
59431,2023,REG,18,2024-01-07,TB,9,CAR,0
59432,2023,REG,18,2024-01-07,CLE,14,CIN,31
59433,2023,REG,18,2024-01-07,MIN,20,DET,30
59439,2023,REG,18,2024-01-07,NYJ,17,NE,3
59440,2023,REG,18,2024-01-07,ATL,17,NO,48
59443,2023,REG,18,2024-01-07,JAX,20,TEN,28
59429,2023,REG,18,2024-01-07,SEA,21,ARI,20
59434,2023,REG,18,2024-01-07,CHI,9,GB,17
59436,2023,REG,18,2024-01-07,KC,13,LAC,12
59437,2023,REG,18,2024-01-07,DEN,14,LV,27
59441,2023,REG,18,2024-01-07,PHI,10,NYG,27
59442,2023,REG,18,2024-01-07,LA,21,SF,20
59444,2023,REG,18,2024-01-07,DAL,38,WAS,10
59438,2023,REG,18,2024-01-07,BUF,21,MIA,14
59494,2023,WC,19,2024-01-13,CLE,14,HOU,45
59495,2023,WC,19,2024-01-13,MIA,7,KC,26
59497,2023,WC,19,2024-01-14,GB,48,DAL,32
59498,2023,WC,19,2024-01-14,LA,23,DET,24
59496,2023,WC,19,2024-01-15,PIT,17,BUF,31
59499,2023,WC,19,2024-01-15,PHI,9,TB,32
59500,2023,DIV,20,2024-01-20,HOU,10,BAL,34
59501,2023,DIV,20,2024-01-20,GB,21,SF,24
59502,2023,DIV,20,2024-01-21,TB,23,DET,31
59503,2023,DIV,20,2024-01-21,KC,27,BUF,24
59504,2023,CON,21,2024-01-28,KC,17,BAL,10
59505,2023,CON,21,2024-01-28,DET,31,SF,34
59506,2023,SB,22,2024-02-11,SF,22,KC,25
59508,2024,REG,1,2024-09-05,BAL,20,KC,27
59509,2024,REG,1,2024-09-06,GB,29,PHI,34
59510,2024,REG,1,2024-09-08,PIT,18,ATL,10
59511,2024,REG,1,2024-09-08,ARI,28,BUF,34
59512,2024,REG,1,2024-09-08,TEN,17,CHI,24
59513,2024,REG,1,2024-09-08,NE,16,CIN,10
59514,2024,REG,1,2024-09-08,HOU,29,IND,27
59515,2024,REG,1,2024-09-08,JAX,17,MIA,20
59516,2024,REG,1,2024-09-08,CAR,10,NO,47
59517,2024,REG,1,2024-09-08,MIN,28,NYG,6
59518,2024,REG,1,2024-09-08,LV,10,LAC,22
59519,2024,REG,1,2024-09-08,DEN,20,SEA,26
59520,2024,REG,1,2024-09-08,DAL,33,CLE,17
59521,2024,REG,1,2024-09-08,WAS,20,TB,37
59522,2024,REG,1,2024-09-08,LA,20,DET,26
59523,2024,REG,1,2024-09-09,NYJ,19,SF,32
59524,2024,REG,2,2024-09-12,BUF,31,MIA,10
59525,2024,REG,2,2024-09-15,LV,26,BAL,23
59526,2024,REG,2,2024-09-15,LAC,26,CAR,3
59527,2024,REG,2,2024-09-15,NO,44,DAL,19
59528,2024,REG,2,2024-09-15,TB,20,DET,16
59529,2024,REG,2,2024-09-15,IND,10,GB,16
59530,2024,REG,2,2024-09-15,CLE,18,JAX,13
59531,2024,REG,2,2024-09-15,SF,17,MIN,23
59532,2024,REG,2,2024-09-15,SEA,23,NE,20
59533,2024,REG,2,2024-09-15,NYJ,24,TEN,17
59534,2024,REG,2,2024-09-15,NYG,18,WAS,21
59535,2024,REG,2,2024-09-15,LA,10,ARI,41
59536,2024,REG,2,2024-09-15,PIT,13,DEN,6
59537,2024,REG,2,2024-09-15,CIN,25,KC,26
59538,2024,REG,2,2024-09-15,CHI,13,HOU,19
59539,2024,REG,2,2024-09-16,ATL,22,PHI,21
59540,2024,REG,3,2024-09-19,NE,3,NYJ,24
59541,2024,REG,3,2024-09-22,NYG,21,CLE,15
59542,2024,REG,3,2024-09-22,CHI,16,IND,21
59543,2024,REG,3,2024-09-22,HOU,7,MIN,34
59544,2024,REG,3,2024-09-22,PHI,15,NO,12
59545,2024,REG,3,2024-09-22,LAC,10,PIT,20
59546,2024,REG,3,2024-09-22,DEN,26,TB,7
59547,2024,REG,3,2024-09-22,GB,30,TEN,14
59548,2024,REG,3,2024-09-22,CAR,36,LV,22
59549,2024,REG,3,2024-09-22,MIA,3,SEA,24
59550,2024,REG,3,2024-09-22,DET,20,ARI,13
59551,2024,REG,3,2024-09-22,BAL,28,DAL,25
59552,2024,REG,3,2024-09-22,SF,24,LA,27
59553,2024,REG,3,2024-09-22,KC,22,ATL,17
59554,2024,REG,3,2024-09-23,JAX,10,BUF,47
59555,2024,REG,3,2024-09-23,WAS,38,CIN,33
59556,2024,REG,4,2024-09-26,DAL,20,NYG,15
59557,2024,REG,4,2024-09-29,NO,24,ATL,26
59558,2024,REG,4,2024-09-29,CIN,34,CAR,24
59559,2024,REG,4,2024-09-29,LA,18,CHI,24
59560,2024,REG,4,2024-09-29,MIN,31,GB,29
59561,2024,REG,4,2024-09-29,JAX,20,HOU,24
59562,2024,REG,4,2024-09-29,PIT,24,IND,27
59563,2024,REG,4,2024-09-29,DEN,10,NYJ,9
59564,2024,REG,4,2024-09-29,PHI,16,TB,33
59565,2024,REG,4,2024-09-29,WAS,42,ARI,14
59566,2024,REG,4,2024-09-29,NE,13,SF,30
59567,2024,REG,4,2024-09-29,KC,17,LAC,10
59568,2024,REG,4,2024-09-29,CLE,16,LV,20
59569,2024,REG,4,2024-09-29,BUF,10,BAL,35
59570,2024,REG,4,2024-09-30,TEN,31,MIA,12
59571,2024,REG,4,2024-09-30,SEA,29,DET,42
59572,2024,REG,5,2024-10-03,TB,30,ATL,36
59573,2024,REG,5,2024-10-06,NYJ,17,MIN,23
59574,2024,REG,5,2024-10-06,CAR,10,CHI,36
59575,2024,REG,5,2024-10-06,BAL,41,CIN,38
59576,2024,REG,5,2024-10-06,BUF,20,HOU,23
59577,2024,REG,5,2024-10-06,IND,34,JAX,37
59578,2024,REG,5,2024-10-06,MIA,15,NE,10
59579,2024,REG,5,2024-10-06,CLE,13,WAS,34
59580,2024,REG,5,2024-10-06,LV,18,DEN,34
59581,2024,REG,5,2024-10-06,ARI,24,SF,23
59582,2024,REG,5,2024-10-06,GB,24,LA,19
59583,2024,REG,5,2024-10-06,NYG,29,SEA,20
59584,2024,REG,5,2024-10-06,DAL,20,PIT,17
59585,2024,REG,5,2024-10-07,NO,13,KC,26
59586,2024,REG,6,2024-10-10,SF,36,SEA,24
59587,2024,REG,6,2024-10-13,JAX,16,CHI,35
59588,2024,REG,6,2024-10-13,WAS,23,BAL,30
59589,2024,REG,6,2024-10-13,ARI,13,GB,34
59590,2024,REG,6,2024-10-13,HOU,41,NE,21
59591,2024,REG,6,2024-10-13,TB,51,NO,27
59592,2024,REG,6,2024-10-13,CLE,16,PHI,20
59593,2024,REG,6,2024-10-13,IND,20,TEN,17
59594,2024,REG,6,2024-10-13,LAC,23,DEN,16
59595,2024,REG,6,2024-10-13,PIT,32,LV,13
59596,2024,REG,6,2024-10-13,ATL,38,CAR,20
59597,2024,REG,6,2024-10-13,DET,47,DAL,9
59598,2024,REG,6,2024-10-13,CIN,17,NYG,7
59599,2024,REG,6,2024-10-14,BUF,23,NYJ,20
59600,2024,REG,7,2024-10-17,DEN,33,NO,10
59601,2024,REG,7,2024-10-20,NE,16,JAX,32
59602,2024,REG,7,2024-10-20,SEA,34,ATL,14
59603,2024,REG,7,2024-10-20,TEN,10,BUF,34
59604,2024,REG,7,2024-10-20,CIN,21,CLE,14
59605,2024,REG,7,2024-10-20,HOU,22,GB,24
59606,2024,REG,7,2024-10-20,MIA,10,IND,16
59607,2024,REG,7,2024-10-20,DET,31,MIN,29
59608,2024,REG,7,2024-10-20,PHI,28,NYG,3
59609,2024,REG,7,2024-10-20,LV,15,LA,20
59610,2024,REG,7,2024-10-20,CAR,7,WAS,40
59611,2024,REG,7,2024-10-20,KC,28,SF,18
59612,2024,REG,7,2024-10-20,NYJ,15,PIT,37
59613,2024,REG,7,2024-10-21,BAL,41,TB,31
59614,2024,REG,7,2024-10-21,LAC,15,ARI,17
59615,2024,REG,8,2024-10-24,MIN,20,LA,30
59626,2024,REG,8,2024-10-27,PHI,37,CIN,17
59616,2024,REG,8,2024-10-27,BAL,24,CLE,29
59617,2024,REG,8,2024-10-27,TEN,14,DET,52
59618,2024,REG,8,2024-10-27,IND,20,HOU,23
59619,2024,REG,8,2024-10-27,GB,30,JAX,27
59620,2024,REG,8,2024-10-27,ARI,28,MIA,27
59621,2024,REG,8,2024-10-27,NYJ,22,NE,25
59622,2024,REG,8,2024-10-27,ATL,31,TB,26
59624,2024,REG,8,2024-10-27,NO,8,LAC,26
59625,2024,REG,8,2024-10-27,BUF,31,SEA,10
59627,2024,REG,8,2024-10-27,CAR,14,DEN,28
59628,2024,REG,8,2024-10-27,KC,27,LV,20
59623,2024,REG,8,2024-10-27,CHI,15,WAS,18
59629,2024,REG,8,2024-10-27,DAL,24,SF,30
59630,2024,REG,8,2024-10-28,NYG,18,PIT,26
59631,2024,REG,9,2024-10-31,HOU,13,NYJ,21
59632,2024,REG,9,2024-11-03,DAL,21,ATL,27
59633,2024,REG,9,2024-11-03,DEN,10,BAL,41
59634,2024,REG,9,2024-11-03,MIA,27,BUF,30
59635,2024,REG,9,2024-11-03,NO,22,CAR,23
59636,2024,REG,9,2024-11-03,LV,24,CIN,41
59637,2024,REG,9,2024-11-03,LAC,27,CLE,10
59639,2024,REG,9,2024-11-03,WAS,27,NYG,22
59640,2024,REG,9,2024-11-03,NE,17,TEN,20
59641,2024,REG,9,2024-11-03,CHI,9,ARI,29
59644,2024,REG,9,2024-11-03,JAX,23,PHI,28
59642,2024,REG,9,2024-11-03,DET,24,GB,14
59643,2024,REG,9,2024-11-03,LA,26,SEA,20
59638,2024,REG,9,2024-11-03,IND,13,MIN,21
59645,2024,REG,9,2024-11-04,TB,24,KC,30
59646,2024,REG,10,2024-11-07,CIN,34,BAL,35
59647,2024,REG,10,2024-11-10,NYG,17,CAR,20
59648,2024,REG,10,2024-11-10,NE,19,CHI,3
59649,2024,REG,10,2024-11-10,BUF,30,IND,20
59650,2024,REG,10,2024-11-10,MIN,12,JAX,7
59651,2024,REG,10,2024-11-10,DEN,14,KC,16
59652,2024,REG,10,2024-11-10,ATL,17,NO,20
59653,2024,REG,10,2024-11-10,SF,23,TB,20
59654,2024,REG,10,2024-11-10,PIT,28,WAS,27
59655,2024,REG,10,2024-11-10,TEN,17,LAC,27
59656,2024,REG,10,2024-11-10,NYJ,6,ARI,31
59657,2024,REG,10,2024-11-10,PHI,34,DAL,6
59658,2024,REG,10,2024-11-10,DET,26,HOU,23
59659,2024,REG,10,2024-11-11,MIA,23,LA,15
59660,2024,REG,11,2024-11-14,WAS,18,PHI,26
59661,2024,REG,11,2024-11-17,GB,20,CHI,19
59662,2024,REG,11,2024-11-17,JAX,6,DET,52
59663,2024,REG,11,2024-11-17,LV,19,MIA,34
59664,2024,REG,11,2024-11-17,LA,28,NE,22
59665,2024,REG,11,2024-11-17,CLE,14,NO,35
59672,2024,REG,11,2024-11-17,IND,28,NYJ,27
59666,2024,REG,11,2024-11-17,BAL,16,PIT,18
59667,2024,REG,11,2024-11-17,MIN,23,TEN,13
59668,2024,REG,11,2024-11-17,ATL,6,DEN,38
59669,2024,REG,11,2024-11-17,SEA,20,SF,17
59670,2024,REG,11,2024-11-17,KC,21,BUF,30
59671,2024,REG,11,2024-11-17,CIN,27,LAC,34
59673,2024,REG,11,2024-11-18,HOU,34,DAL,10
59674,2024,REG,12,2024-11-21,PIT,19,CLE,24
59675,2024,REG,12,2024-11-24,KC,30,CAR,27
59676,2024,REG,12,2024-11-24,MIN,30,CHI,27
59677,2024,REG,12,2024-11-24,TEN,32,HOU,27
59678,2024,REG,12,2024-11-24,DET,24,IND,6
59679,2024,REG,12,2024-11-24,NE,15,MIA,34
59680,2024,REG,12,2024-11-24,TB,30,NYG,7
59681,2024,REG,12,2024-11-24,DAL,34,WAS,26
59682,2024,REG,12,2024-11-24,DEN,29,LV,19
59683,2024,REG,12,2024-11-24,SF,10,GB,38
59684,2024,REG,12,2024-11-24,ARI,6,SEA,16
59685,2024,REG,12,2024-11-24,PHI,37,LA,20
59686,2024,REG,12,2024-11-25,BAL,30,LAC,23
59687,2024,REG,13,2024-11-28,CHI,20,DET,23
59688,2024,REG,13,2024-11-28,NYG,20,DAL,27
59689,2024,REG,13,2024-11-28,MIA,17,GB,30
59690,2024,REG,13,2024-11-29,LV,17,KC,19
59691,2024,REG,13,2024-12-01,LAC,17,ATL,13
59692,2024,REG,13,2024-12-01,PIT,44,CIN,38
59693,2024,REG,13,2024-12-01,HOU,23,JAX,20
59694,2024,REG,13,2024-12-01,ARI,22,MIN,23
59695,2024,REG,13,2024-12-01,IND,25,NE,24
59696,2024,REG,13,2024-12-01,SEA,26,NYJ,21
59697,2024,REG,13,2024-12-01,TEN,19,WAS,42
59698,2024,REG,13,2024-12-01,TB,26,CAR,23
59699,2024,REG,13,2024-12-01,LA,21,NO,14
59700,2024,REG,13,2024-12-01,PHI,24,BAL,19
59701,2024,REG,13,2024-12-01,SF,10,BUF,35
59702,2024,REG,13,2024-12-02,CLE,32,DEN,41
59703,2024,REG,14,2024-12-05,GB,31,DET,34
59704,2024,REG,14,2024-12-08,NYJ,26,MIA,32
59705,2024,REG,14,2024-12-08,ATL,21,MIN,42
59706,2024,REG,14,2024-12-08,NO,14,NYG,11
59707,2024,REG,14,2024-12-08,CAR,16,PHI,22
59708,2024,REG,14,2024-12-08,CLE,14,PIT,27
59709,2024,REG,14,2024-12-08,LV,13,TB,28
59710,2024,REG,14,2024-12-08,JAX,10,TEN,6
59711,2024,REG,14,2024-12-08,SEA,30,ARI,18
59712,2024,REG,14,2024-12-08,BUF,42,LA,44
59713,2024,REG,14,2024-12-08,CHI,13,SF,38
59714,2024,REG,14,2024-12-08,LAC,17,KC,19
59715,2024,REG,14,2024-12-09,CIN,27,DAL,20
59716,2024,REG,15,2024-12-12,LA,12,SF,6
59717,2024,REG,15,2024-12-15,DAL,30,CAR,14
59718,2024,REG,15,2024-12-15,KC,21,CLE,7
59719,2024,REG,15,2024-12-15,MIA,12,HOU,20
59720,2024,REG,15,2024-12-15,NYJ,32,JAX,25
59721,2024,REG,15,2024-12-15,WAS,20,NO,19
59722,2024,REG,15,2024-12-15,BAL,35,NYG,14
59723,2024,REG,15,2024-12-15,CIN,37,TEN,27
59724,2024,REG,15,2024-12-15,NE,17,ARI,30
59725,2024,REG,15,2024-12-15,IND,13,DEN,31
59726,2024,REG,15,2024-12-15,BUF,48,DET,42
59727,2024,REG,15,2024-12-15,TB,40,LAC,17
59728,2024,REG,15,2024-12-15,PIT,13,PHI,27
59729,2024,REG,15,2024-12-15,GB,30,SEA,13
59730,2024,REG,15,2024-12-16,CHI,12,MIN,30
59731,2024,REG,15,2024-12-16,ATL,15,LV,9
59742,2024,REG,16,2024-12-19,DEN,27,LAC,34
59733,2024,REG,16,2024-12-21,HOU,19,KC,27
59734,2024,REG,16,2024-12-21,PIT,17,BAL,34
59735,2024,REG,16,2024-12-22,NYG,7,ATL,34
59737,2024,REG,16,2024-12-22,ARI,30,CAR,36
59738,2024,REG,16,2024-12-22,DET,34,CHI,17
59732,2024,REG,16,2024-12-22,CLE,6,CIN,24
59739,2024,REG,16,2024-12-22,TEN,30,IND,38
59740,2024,REG,16,2024-12-22,LA,19,NYJ,9
59741,2024,REG,16,2024-12-22,PHI,33,WAS,36
59743,2024,REG,16,2024-12-22,MIN,27,SEA,24
59736,2024,REG,16,2024-12-22,NE,21,BUF,24
59744,2024,REG,16,2024-12-22,JAX,14,LV,19
59745,2024,REG,16,2024-12-22,SF,17,MIA,29
59746,2024,REG,16,2024-12-22,TB,24,DAL,26
59747,2024,REG,16,2024-12-23,NO,0,GB,34
59748,2024,REG,17,2024-12-25,KC,29,PIT,10
59749,2024,REG,17,2024-12-25,BAL,31,HOU,2
59750,2024,REG,17,2024-12-26,SEA,6,CHI,3
59753,2024,REG,17,2024-12-28,LAC,40,NE,7
59751,2024,REG,17,2024-12-28,DEN,24,CIN,30
59752,2024,REG,17,2024-12-28,ARI,9,LA,13
59756,2024,REG,17,2024-12-29,NYJ,14,BUF,40
59757,2024,REG,17,2024-12-29,TEN,13,JAX,20
59759,2024,REG,17,2024-12-29,LV,25,NO,10
59754,2024,REG,17,2024-12-29,IND,33,NYG,45
59761,2024,REG,17,2024-12-29,DAL,7,PHI,41
59760,2024,REG,17,2024-12-29,CAR,14,TB,48
59762,2024,REG,17,2024-12-29,MIA,20,CLE,3
59758,2024,REG,17,2024-12-29,GB,25,MIN,27
59755,2024,REG,17,2024-12-29,ATL,24,WAS,30
59763,2024,REG,17,2024-12-30,DET,40,SF,34
59766,2024,REG,18,2025-01-04,CLE,10,BAL,35
59777,2024,REG,18,2025-01-04,CIN,19,PIT,17
59765,2024,REG,18,2025-01-05,CAR,44,ATL,38
59767,2024,REG,18,2025-01-05,WAS,23,DAL,19
59770,2024,REG,18,2025-01-05,CHI,24,GB,22
59771,2024,REG,18,2025-01-05,JAX,23,IND,26
59774,2024,REG,18,2025-01-05,BUF,16,NE,23
59776,2024,REG,18,2025-01-05,NYG,13,PHI,20
59778,2024,REG,18,2025-01-05,NO,19,TB,27
59779,2024,REG,18,2025-01-05,HOU,23,TEN,14
59764,2024,REG,18,2025-01-05,SF,24,ARI,47
59768,2024,REG,18,2025-01-05,KC,0,DEN,38
59772,2024,REG,18,2025-01-05,SEA,30,LA,25
59773,2024,REG,18,2025-01-05,LAC,34,LV,20
59775,2024,REG,18,2025-01-05,MIA,20,NYJ,32
59769,2024,REG,18,2025-01-05,MIN,9,DET,31
59829,2024,WC,19,2025-01-11,LAC,12,HOU,32
59830,2024,WC,19,2025-01-11,PIT,14,BAL,28
59831,2024,WC,19,2025-01-12,DEN,7,BUF,31
59832,2024,WC,19,2025-01-12,GB,10,PHI,22
59833,2024,WC,19,2025-01-12,WAS,23,TB,20
59834,2024,WC,19,2025-01-13,MIN,9,LA,27
59835,2024,DIV,20,2025-01-18,HOU,14,KC,23
59836,2024,DIV,20,2025-01-18,WAS,45,DET,31
59837,2024,DIV,20,2025-01-19,LA,22,PHI,28
59838,2024,DIV,20,2025-01-19,BAL,25,BUF,27
59839,2024,CON,21,2025-01-26,WAS,23,PHI,55
59840,2024,CON,21,2025-01-26,BUF,29,KC,32
59841,2024,SB,22,2025-02-09,KC,22,PHI,40
