season,season_type,player_id,player_name,player_display_name,position,position_group,completions,attempts,passing_yards,passing_tds,interceptions,sacks,sack_yards,sack_fumbles,sack_fumbles_lost,passing_air_yards,passing_yards_after_catch,passing_first_downs,passing_epa,passing_2pt_conversions,pacr,dakota,carries,rushing_yards,rushing_tds,rushing_fumbles,rushing_fumbles_lost,rushing_first_downs,rushing_epa,rushing_2pt_conversions,receptions,targets,receiving_yards,receiving_tds,receiving_fumbles,receiving_fumbles_lost,receiving_air_yards,receiving_yards_after_catch,receiving_first_downs,receiving_epa,receiving_2pt_conversions,racr,target_share,air_yards_share,wopr,special_teams_tds,fantasy_points,fantasy_points_ppr
2023,POST,00-0026158,J.Flacco,Joe Flacco,QB,QB,34,46,307,1,2,4,39,0,0,314,130,14,-17.75929211,0,0.977707006,0.055458699,3,13,0,0,0,2,1.840030672,0,0,0,0,0,0,0,0,0,0,,0,,,,,0,13.58,13.58
2023,POST,00-0026498,M.Stafford,Matthew Stafford,QB,QB,25,36,367,2,0,2,10,0,0,335,207,15,18.57605467,0,1.095522388,0.238550964,0,0,0,0,0,0,,0,0,0,0,0,0,0,0,0,0,,0,,,,,0,22.68,22.68
2023,POST,00-0027944,J.Jones,Julio Jones,WR,WR,0,0,0,0,0,0,0,0,0,0,0,0,,0,,,0,0,0,0,0,0,,0,3,3,22,0,1,0,22,0,1,1.307977638,0,1,0.09375,0.086614173,0.201254921,0,2.2,5.2
2023,POST,00-0029892,K.Juszczyk,Kyle Juszczyk,FB,RB,0,0,0,0,0,0,0,0,0,0,0,0,,0,,,2,5,0,0,0,1,0.037399775,0,4,5,64,0,0,0,45,23,4,4.376852583,0,1.422222222,0.074626866,0.076142132,0.165239791,0,6.9,10.9
2023,POST,00-0030068,M.Goodwin,Marquise Goodwin,WR,WR,0,0,0,0,0,0,0,0,0,0,0,0,,0,,,0,0,0,0,0,0,,0,0,1,0,0,0,0,13,0,0,-0.902222553,0,0,0.023255814,0.045936396,0.067039198,0,0,0
2023,POST,00-0030431,R.Woods,Robert Woods,WR,WR,0,0,0,0,0,0,0,0,0,0,0,0,,0,,,0,0,0,0,0,0,,0,2,6,17,0,0,0,42,5,1,-3.488318692,0,0.404761905,0.113207547,0.099056604,0.239150943,0,1.7,3.7
2023,POST,00-0030506,T.Kelce,Travis Kelce,TE,TE,0,0,0,0,0,0,0,0,0,0,0,0,,0,,,1,5,0,0,0,1,0.458317911,0,32,37,355,3,0,0,243,158,19,29.6187794,0,1.46090535,0.278195489,0.267032967,0.60421631,0,54,86
2023,POST,00-0030513,L.Murray,Latavius Murray,RB,RB,0,0,0,0,0,0,0,0,0,0,0,0,,0,,,0,0,0,0,0,0,,0,5,6,40,0,0,0,4,35,1,-0.606983716,0,10,0.089552239,0.018691589,0.14741247,0,4,9
2023,POST,00-0031235,O.Beckham,Odell Beckham,WR,WR,0,0,0,0,0,0,0,0,0,0,0,0,,0,,,0,0,0,0,0,0,,0,4,7,34,0,0,0,111,2,2,2.688505842,0,0.306306306,0.127272727,0.222,0.346309091,0,3.4,7.4
2023,POST,00-0031236,B.Cooks,Brandin Cooks,WR,WR,0,0,0,0,0,0,0,0,0,0,0,0,,0,,,1,6,0,0,0,0,0.256692314,0,6,8,47,0,0,0,93,1,4,-1.054719862,0,0.505376344,0.137931034,0.189409369,0.33948311,0,5.3,11.3
2023,POST,00-0031376,J.McKinnon,Jerick McKinnon,RB,RB,0,0,0,0,0,0,0,0,0,0,0,0,,0,,,0,0,0,0,0,0,,0,2,2,15,0,0,0,1,14,1,0.313795945,0,15,0.047619048,0.003861004,0.074131274,0,1.5,3.5
2023,POST,00-0031408,M.Evans,Mike Evans,WR,WR,0,0,0,0,0,0,0,0,0,0,0,0,,0,,,0,0,0,0,0,0,,0,11,19,195,1,0,0,312,35,7,8.836639625,0,0.625,0.256756757,0.485225505,0.724792989,0,25.5,36.5
2023,POST,00-0031428,A.Robinson,Allen Robinson,WR,WR,0,0,0,0,0,0,0,0,0,0,0,0,,0,,,0,0,0,0,0,0,,0,2,3,12,0,0,0,4,13,1,-1.308388932,0,3,0.078947368,0.014184397,0.128350131,0,1.2,3.2
2023,POST,00-0031544,A.Cooper,Amari Cooper,WR,WR,0,0,0,0,0,0,0,0,0,0,0,0,,0,,,0,0,0,0,0,0,,0,4,5,59,0,0,0,66,7,4,3.898228419,0,0.893939394,0.11627907,0.233215548,0.337669488,0,5.9,9.9
2023,POST,00-0031549,N.Agholor,Nelson Agholor,WR,WR,0,0,0,0,0,0,0,0,0,0,0,0,,0,,,0,0,0,0,0,0,,0,3,7,51,1,0,0,80,23,2,0.539591518,0,0.6375,0.127272727,0.16,0.302909091,0,11.1,14.1
2023,POST,00-0031588,S.Diggs,Stefon Diggs,WR,WR,0,0,0,0,0,0,0,0,0,0,0,0,,0,,,1,7,0,0,0,1,0.601213019,0,10,17,73,0,1,0,144,57,5,0.325372289,0,0.506944444,0.253731343,0.352941176,0.627655838,0,8,18
2023,POST,00-0031687,R.Mostert,Raheem Mostert,RB,RB,0,0,0,0,0,0,0,0,0,0,0,0,,0,,,8,33,0,0,0,2,-0.366631521,0,1,2,-3,0,0,0,-12,3,0,-2.524189745,0,0.25,0.052631579,-0.042105263,0.049473684,0,3,4
2023,POST,00-0032128,C.Conley,Chris Conley,WR,WR,0,0,0,0,0,0,0,0,0,0,0,0,,0,,,0,0,0,0,0,0,,0,2,2,35,0,0,0,34,1,2,3.67936285,0,1.029411765,0.02739726,0.058519793,0.082059746,0,3.5,5.5
2023,POST,00-0032775,D.Robinson,Demarcus Robinson,WR,WR,0,0,0,0,0,0,0,0,0,0,0,0,,0,,,0,0,0,0,0,0,,0,3,6,44,0,0,0,126,2,3,1.733956185,0,0.349206349,0.176470588,0.396226415,0.542064373,0,4.4,7.4
2023,POST,00-0033040,T.Hill,Tyreek Hill,WR,WR,0,0,0,0,0,0,0,0,0,0,0,0,,0,,,0,0,0,0,0,0,,0,5,8,62,1,0,0,83,31,1,-2.444334378,0,0.746987952,0.210526316,0.29122807,0.519649123,0,12.2,17.2
2023,POST,00-0033077,D.Prescott,Dak Prescott,QB,QB,41,60,403,3,2,4,16,0,0,522,151,25,-3.369603094,0,0.772030651,0.105469368,6,45,0,0,0,4,4.515466945,1,0,0,0,0,0,0,0,0,0,,0,,,,,0,30.62,30.62
2023,POST,00-0033106,J.Goff,Jared Goff,QB,QB,77,111,837,4,0,7,45,1,0,756,440,50,26.32762084,0,1.107142857,0.134338386,9,3,0,0,0,1,-2.638715154,0,0,0,0,0,0,0,0,0,0,,0,,,,,0,49.78,49.78
2023,POST,00-0033110,T.Higbee,Tyler Higbee,TE,TE,0,0,0,0,0,0,0,0,0,0,0,0,,0,,,0,0,0,0,0,0,,0,0,1,0,0,0,0,10,0,0,-0.470492767,0,0,0.029411765,0.031446541,0.066130226,0,0,0
2023,POST,00-0033280,C.McCaffrey,Christian McCaffrey,RB,RB,0,0,0,0,0,0,0,0,0,0,0,0,,0,,,59,268,4,1,1,15,-2.337357283,0,19,25,152,1,0,0,38,142,5,1.33520437,0,4,0.242718447,0.043930636,0.394829115,0,70,89
2023,POST,00-0033288,G.Kittle,George Kittle,TE,TE,0,0,0,0,0,0,0,0,0,0,0,0,,0,,,0,0,0,0,0,0,,0,8,13,112,1,0,0,143,56,4,7.629368169,0,0.783216783,0.126213592,0.165317919,0.305042932,0,17.2,25.2
2023,POST,00-0033293,A.Jones,Aaron Jones,RB,RB,0,0,0,0,0,0,0,0,0,0,0,0,,0,,,39,226,3,0,0,14,8.270346802,0,4,7,21,0,0,0,-9,26,1,-3.791253505,1,-2.333333333,0.12962963,-0.021126761,0.179655712,0,44.7,48.7
2023,POST,00-0033455,A.Firkser,Anthony Firkser,TE,TE,0,0,0,0,0,0,0,0,0,0,0,0,,0,,,0,0,0,0,0,0,,0,1,1,8,0,0,0,4,4,0,1.171634408,0,2,0.025,0.010781671,0.04504717,0,0.8,1.8
2023,POST,00-0033589,D.Moore,David Moore,WR,WR,0,0,0,0,0,0,0,0,0,0,0,0,,0,,,0,0,0,0,0,0,,0,3,4,77,1,0,0,47,42,3,7.225981688,0,1.638297872,0.054054054,0.073094868,0.132247489,0,13.7,16.7
2023,POST,00-0033591,N.Brown,Noah Brown,WR,WR,0,0,0,0,0,0,0,0,0,0,0,0,,0,,,0,0,0,0,0,0,,0,0,1,0,0,0,0,17,0,0,-1.833321381,0,0,0.045454545,0.082524272,0.125948808,0,0,0
2023,POST,00-0033854,D.Ogunbowale,Dare Ogunbowale,RB,RB,0,0,0,0,0,0,0,0,0,0,0,0,,0,,,2,7,0,0,0,0,-1.362076687,0,1,1,13,0,0,0,5,8,0,-0.013762244,0,2.6,0.032258065,0.02293578,0.064442143,0,2,3
2023,POST,00-0033873,P.Mahomes,Patrick Mahomes,QB,QB,104,149,1051,6,1,5,19,1,0,973,536,53,35.97659035,0,1.08016444,0.199068456,23,141,0,1,0,9,9.170616541,0,0,0,0,0,0,0,0,0,0,,0,,,,,0,78.14,78.14
2023,POST,00-0033885,D.Njoku,David Njoku,TE,TE,0,0,0,0,0,0,0,0,0,0,0,0,,0,,,0,0,0,0,0,0,,0,7,11,93,0,0,0,135,19,4,1.934439826,0,0.688888889,0.255813953,0.477031802,0.717643192,0,9.3,16.3
2023,POST,00-0033893,D.Cook,Dalvin Cook,RB,RB,0,0,0,0,0,0,0,0,0,0,0,0,,0,,,8,23,0,0,0,1,-1.456996729,0,0,0,0,0,0,0,0,0,0,,0,,,,,0,2.3,2.3
2023,POST,00-0033908,C.Kupp,Cooper Kupp,WR,WR,0,0,0,0,0,0,0,0,0,0,0,0,,0,,,0,0,0,0,0,0,,0,5,9,27,0,0,0,68,5,2,-1.173747705,0,0.397058824,0.264705882,0.213836478,0.546744358,0,2.7,7.7
2023,POST,00-0033921,C.Godwin,Chris Godwin,WR,WR,0,0,0,0,0,0,0,0,0,0,0,0,,0,,,0,0,0,0,0,0,,0,8,13,85,1,0,0,130,30,4,3.910464167,0,0.653846154,0.175675676,0.202177294,0.405037619,0,14.5,22.5
2023,POST,00-0033923,K.Hunt,Kareem Hunt,RB,RB,0,0,0,0,0,0,0,0,0,0,0,0,,0,,,8,26,1,0,0,2,-0.819917735,0,5,6,9,1,0,0,-9,19,1,-3.89380572,0,-1,0.139534884,-0.03180212,0.187040841,0,15.5,20.5
2023,POST,00-0033943,J.Reynolds,Josh Reynolds,WR,WR,0,0,0,0,0,0,0,0,0,0,0,0,,0,,,0,0,0,0,0,0,,0,8,14,132,1,0,0,169,36,7,3.04247248,0,0.781065089,0.12962963,0.222368421,0.350102339,0,19.2,27.2
2023,POST,00-0034054,R.Cracraft,River Cracraft,WR,WR,0,0,0,0,0,0,0,0,0,0,0,0,,0,,,0,0,0,0,0,0,,0,2,3,33,0,0,0,30,14,2,1.396124144,0,1.1,0.078947368,0.105263158,0.192105263,0,3.3,5.3
2023,POST,00-0034115,J.Wilson,Jeff Wilson,RB,RB,0,0,0,0,0,0,0,0,0,0,0,0,,0,,,0,0,0,0,0,0,,0,1,2,6,0,0,0,-1,9,0,-0.754996515,0,-6,0.052631579,-0.003508772,0.076491228,0,0.6,1.6
2023,POST,00-0034171,J.Cabinda,Jason Cabinda,FB,RB,0,0,0,0,0,0,0,0,0,0,0,0,,0,,,0,0,0,0,0,0,,0,1,1,0,0,0,0,-3,3,0,-0.819128351,0,0,0.023809524,-0.011952191,0.027347752,0,0,1
2023,POST,00-0034184,G.Edwards,Gus Edwards,RB,RB,0,0,0,0,0,0,0,0,0,0,0,0,,0,,,13,60,0,0,0,4,1.419834074,0,2,3,15,0,0,0,7,15,1,-0.572353684,0,2.142857143,0.054545455,0.014,0.091618182,0,7.5,9.5
2023,POST,00-0034272,M.Valdes-Scantling,Marquez Valdes-Scantling,WR,WR,0,0,0,0,0,0,0,0,0,0,0,0,,0,,,0,0,0,0,0,0,,0,8,13,128,1,0,0,237,7,5,5.184591498,0,0.540084388,0.097744361,0.26043956,0.328924234,0,18.8,26.8
2023,POST,00-0034286,R.James,Richie James,WR,WR,0,0,0,0,0,0,0,0,0,0,0,0,,0,,,0,0,0,0,0,0,,0,1,4,6,0,0,0,19,0,1,-1.625360666,0,0.315789474,0.035714286,0.025333333,0.071304762,0,0.6,1.6
2023,POST,00-0034351,D.Goedert,Dallas Goedert,TE,TE,0,0,0,0,0,0,0,0,0,0,0,0,,0,,,0,0,0,0,0,0,,0,4,6,21,1,0,0,37,7,1,-1.688571138,0,0.567567568,0.1875,0.145669291,0.383218504,0,8.1,12.1
2023,POST,00-0034383,D.Schultz,Dalton Schultz,TE,TE,0,0,0,0,0,0,0,0,0,0,0,0,,0,,,0,0,0,0,0,0,,0,6,9,80,1,0,0,128,4,3,3.232323137,0,0.625,0.169811321,0.301886792,0.466037736,0,14,20
2023,POST,00-0034386,J.Watson,Justin Watson,WR,WR,0,0,0,0,0,0,0,0,0,0,0,0,,0,,,0,0,0,0,0,0,,0,6,10,90,0,0,0,132,24,4,4.113228139,0,0.681818182,0.07518797,0.145054945,0.214320416,0,9,15
2023,POST,00-0034407,R.McCloud,Ray-Ray McCloud,WR,WR,0,0,0,0,0,0,0,0,0,0,0,0,,0,,,0,0,0,0,0,0,,0,2,3,26,0,0,0,48,1,1,-0.04629292,0,0.541666667,0.04109589,0.082616179,0.119475161,0,2.6,4.6
2023,POST,00-0034418,C.Wilson,Cedrick Wilson Jr.,WR,WR,0,0,0,0,0,0,0,0,0,0,0,0,,0,,,0,0,0,0,0,0,,0,3,7,37,0,0,0,86,4,2,0.943773281,0,0.430232558,0.184210526,0.301754386,0.48754386,0,3.7,6.7
2023,POST,00-0034419,B.Berrios,Braxton Berrios,WR,WR,0,0,0,0,0,0,0,0,0,0,0,0,,0,,,0,0,0,0,0,0,,0,0,1,0,0,0,0,15,0,0,-1.074139118,0,0,0.026315789,0.052631579,0.076315789,0,0,0
2023,POST,00-0034487,T.Sherfield,Trent Sherfield,WR,WR,0,0,0,0,0,0,0,0,0,0,0,0,,0,,,0,0,0,0,0,0,,0,1,3,7,0,0,0,81,4,1,-0.607131368,0,0.086419753,0.081081081,0.378504673,0.386574893,0,0.7,1.7
2023,POST,00-0034681,C.Edmonds,Chase Edmonds,RB,RB,0,0,0,0,0,0,0,0,0,0,0,0,,0,,,11,31,0,0,0,1,-3.454039715,0,3,4,26,0,0,0,-13,32,1,1.218790887,0,-2,0.054054054,-0.020217729,0.066928671,0,5.7,8.7
2023,POST,00-0034753,M.Andrews,Mark Andrews,TE,TE,0,0,0,0,0,0,0,0,0,0,0,0,,0,,,0,0,0,0,0,0,,0,2,2,15,0,0,0,15,0,0,0.759886206,0,1,0.058823529,0.04491018,0.11967242,0,1.5,3.5
2023,POST,00-0034764,M.Gallup,Michael Gallup,WR,WR,0,0,0,0,0,0,0,0,0,0,0,0,,0,,,0,0,0,0,0,0,,0,6,6,103,0,0,0,66,37,4,6.123550178,0,1.560606061,0.103448276,0.134419552,0.2492661,0,10.3,16.3
2023,POST,00-0034771,M.Rudolph,Mason Rudolph,QB,QB,22,39,229,2,1,1,11,0,0,282,99,14,-1.140987583,0,0.812056738,0.026757502,2,16,0,0,0,2,-0.841692233,0,0,0,0,0,0,0,0,0,0,,0,,,,,0,16.76,16.76
2023,POST,00-0034796,L.Jackson,Lamar Jackson,QB,QB,36,59,424,3,1,7,46,1,1,510,171,21,-1.131684904,0,0.831372549,0.110043982,19,154,2,0,0,9,15.27324207,0,1,1,13,0,0,0,-1,14,1,1.159703504,0,0,0.029411765,-0.002994012,0.042021839,0,53.66,54.66
2023,POST,00-0034798,D.Smythe,Durham Smythe,TE,TE,0,0,0,0,0,0,0,0,0,0,0,0,,0,,,0,0,0,0,0,0,,0,3,4,12,0,0,0,8,3,0,-3.611149932,0,1.5,0.105263158,0.028070175,0.17754386,0,1.2,4.2
2023,POST,00-0034855,B.Mayfield,Baker Mayfield,QB,QB,48,77,686,6,2,8,60,0,0,649,345,31,16.33442359,0,1.057010786,0.09449262,4,31,0,0,0,2,1.972440818,0,0,0,0,0,0,0,0,0,0,,0,,,,,0,50.54,50.54
2023,POST,00-0034857,J.Allen,Josh Allen,QB,QB,47,69,389,4,0,2,14,0,0,437,282,23,9.466950318,0,0.890160183,0.153223817,20,146,3,1,0,9,17.01539051,0,0,0,0,0,0,0,0,0,0,,0,,,,,0,64.16,64.16
2023,POST,00-0034928,S.Sims,Steven Sims,WR,WR,0,0,0,0,0,0,0,0,0,0,0,0,,0,,,0,0,0,0,0,0,,0,0,0,0,0,0,0,0,0,0,,0,,,,,1,6,6
2023,POST,00-0034959,A.Beck,Andrew Beck,FB,RB,0,0,0,0,0,0,0,0,0,0,0,0,,0,,,0,0,0,0,0,0,,0,0,1,0,0,0,0,-4,0,0,-0.393070997,0,0,0.045454545,-0.019417476,0.054589585,0,0,0
2023,POST,00-0034975,J.Hill,Justice Hill,RB,RB,0,0,0,0,0,0,0,0,0,0,0,0,,0,,,16,69,0,0,0,3,-1.456326339,0,6,9,45,0,0,0,-5,41,4,2.54521732,0,-9,0.163636364,-0.01497006,0.234975504,0,11.4,17.4
2023,POST,00-0035140,M.Hardman,Mecole Hardman,WR,WR,0,0,0,0,0,0,0,0,0,0,0,0,,0,,,2,-5,0,1,0,0,-3.782548866,0,5,7,62,1,1,0,107,16,2,-4.658725894,0,0.579439252,0.072164948,0.153515065,0.215707968,0,11.7,16.7
2023,POST,00-0035208,O.Zaccheaus,Olamide Zaccheaus,WR,WR,0,0,0,0,0,0,0,0,0,0,0,0,,0,,,0,0,0,0,0,0,,0,1,1,5,0,0,0,5,0,0,-0.223590387,0,1,0.03125,0.019685039,0.060654528,0,0.5,1.5
2023,POST,00-0035215,D.Harty,Deonte Harty,WR,WR,0,0,0,0,0,0,0,0,0,0,0,0,,0,,,0,0,0,0,0,0,,0,2,2,37,0,0,0,9,28,1,1.704744685,0,4.111111111,0.029850746,0.022058824,0.060217296,0,3.7,5.7
2023,POST,00-0035216,D.Johnson,Diontae Johnson,WR,WR,0,0,0,0,0,0,0,0,0,0,0,0,,0,,,0,0,0,0,0,0,,0,4,7,48,1,0,0,75,18,4,-0.512541251,0,0.64,0.184210526,0.265957447,0.462486002,0,10.8,14.8
2023,POST,00-0035250,D.Singletary,Devin Singletary,RB,RB,0,0,0,0,0,0,0,0,0,0,0,0,,0,,,22,88,1,0,0,4,-4.667220465,0,8,9,52,0,0,0,26,42,2,1.655657128,0,2,0.169811321,0.061320755,0.297641509,0,20,28
2023,POST,00-0035261,T.Pollard,Tony Pollard,RB,RB,0,0,0,0,0,0,0,0,0,0,0,0,,0,,,15,56,1,0,0,4,2.040511842,0,7,9,29,0,0,0,14,33,1,-1.867162981,0,2.071428571,0.155172414,0.028513238,0.252717887,0,14.5,21.5
2023,POST,00-0035527,A.Isabella,Andy Isabella,WR,WR,0,0,0,0,0,0,0,0,0,0,0,0,,0,,,0,0,0,0,0,0,,0,0,1,0,0,0,0,-6,0,0,-0.428989586,0,0,0.033333333,-0.030927835,0.028350515,0,0,0
2023,POST,00-0035537,T.Johnson,Ty Johnson,RB,RB,0,0,0,0,0,0,0,0,0,0,0,0,,0,,,15,66,0,0,0,6,0.859771562,0,1,3,14,0,0,0,24,11,1,-0.461772379,0,0.583333333,0.044776119,0.058823529,0.10834065,0,8,9
2023,POST,00-0035567,C.Reynolds,Craig Reynolds,RB,RB,0,0,0,0,0,0,0,0,0,0,0,0,,0,,,1,1,1,0,0,1,2.028224629,0,0,0,0,0,0,0,0,0,0,,0,,,,,0,6.1,6.1
2023,POST,00-0035685,D.Montgomery,David Montgomery,RB,RB,0,0,0,0,0,0,0,0,0,0,0,0,,0,,,39,183,2,0,0,11,0.800619381,0,6,7,45,0,0,0,7,35,4,2.743006223,0,6.428571429,0.064814815,0.011254019,0.105100036,0,34.8,40.8
2023,POST,00-0035689,D.Knox,Dawson Knox,TE,TE,0,0,0,0,0,0,0,0,0,0,0,0,,0,,,0,0,0,0,0,0,,0,2,3,13,1,0,0,18,5,2,2.262376188,0,0.722222222,0.044776119,0.044117647,0.098046532,0,7.3,9.3
2023,POST,00-0035719,D.Samuel,Deebo Samuel Sr.,WR,WR,0,0,0,0,0,0,0,0,0,0,0,0,,0,,,6,15,0,0,0,1,-1.428762685,0,13,22,146,0,0,0,164,114,6,-0.732128141,0,0.890243902,0.213592233,0.189595376,0.453105113,0,16.1,29.1
2023,POST,00-0035973,P.Taylor,Patrick Taylor,RB,RB,0,0,0,0,0,0,0,0,0,0,0,0,,0,,,3,6,0,0,0,0,-1.846665644,0,0,0,0,0,0,0,0,0,0,,0,,,,,0,0.6,0.6
2023,POST,00-0036139,R.Dowdle,Rico Dowdle,RB,RB,0,0,0,0,0,0,0,0,0,0,0,0,,0,,,2,11,0,0,0,0,-0.134470759,1,2,3,14,0,0,0,13,13,2,1.461886225,0,1.076923077,0.051724138,0.026476578,0.096119812,0,4.5,6.5
2023,POST,00-0036212,T.Tagovailoa,Tua Tagovailoa,QB,QB,20,39,199,1,1,2,11,0,0,289,90,8,-13.94482591,0,0.688581315,-0.059479737,3,25,0,0,0,2,1.612919848,0,0,0,0,0,0,0,0,0,0,,0,,,,,0,12.46,12.46
2023,POST,00-0036232,H.Bryant,Harrison Bryant,TE,TE,0,0,0,0,0,0,0,0,0,0,0,0,,0,,,0,0,0,0,0,0,,0,4,6,65,0,0,0,46,36,2,-2.251341145,0,1.413043478,0.139534884,0.16254417,0.323083244,0,6.5,10.5
2023,POST,00-0036259,J.Jennings,Jauan Jennings,WR,WR,1,1,21,1,0,0,0,0,0,-5,26,1,2.946513367,0,0,,1,-1,0,0,0,0,-1.080779844,0,10,13,111,1,0,0,112,39,8,7.630214094,0,0.991071429,0.126213592,0.129479769,0.279956226,0,21.84,31.84
2023,POST,00-0036261,B.Aiyuk,Brandon Aiyuk,WR,WR,0,0,0,0,0,0,0,0,0,0,0,0,,0,,,0,0,0,0,0,0,,0,9,20,149,1,0,0,281,27,9,8.292306588,0,0.53024911,0.194174757,0.324855491,0.51866098,0,20.9,29.9
2023,POST,00-0036264,J.Love,Jordan Love,QB,QB,37,55,466,5,2,0,0,0,0,424,202,21,22.75225462,1,1.099056604,0.208556586,6,2,0,1,0,1,-5.054431588,0,0,0,0,0,0,0,0,0,0,,0,,,,,0,36.84,36.84
2023,POST,00-0036271,Q.Watkins,Quez Watkins,WR,WR,0,0,0,0,0,0,0,0,0,0,0,0,,0,,,0,0,0,0,0,0,,0,3,4,12,0,0,0,25,15,0,-1.293657939,0,0.48,0.125,0.098425197,0.256397638,0,1.2,4.2
2023,POST,00-0036275,D.Swift,D'Andre Swift,RB,RB,0,0,0,0,0,0,0,0,0,0,0,0,,0,,,10,34,0,0,0,2,-2.414605384,0,4,4,32,0,0,0,6,26,1,0.72334658,0,5.333333333,0.125,0.023622047,0.204035433,0,6.6,10.6
2023,POST,00-0036358,C.Lamb,CeeDee Lamb,WR,WR,0,0,0,0,0,0,0,0,0,0,0,0,,0,,,1,5,0,0,0,0,-0.323081082,0,9,17,110,0,0,0,204,35,7,-6.366525623,0,0.539215686,0.293103448,0.415478615,0.730490203,0,11.5,20.5
2023,POST,00-0036360,C.Edwards-Helaire,Clyde Edwards-Helaire,RB,RB,0,0,0,0,0,0,0,0,0,0,0,0,,0,,,11,53,0,1,1,3,-2.831345655,0,4,4,7,0,0,0,-12,19,1,-0.611295875,0,-0.583333333,0.043956044,-0.01843318,0.05303084,0,4,8
2023,POST,00-0036389,J.Hurts,Jalen Hurts,QB,QB,25,35,250,1,0,3,16,0,0,275,102,9,-3.095590669,0,0.909090909,0.07962122,1,5,0,0,0,0,-0.096489458,0,0,0,0,0,0,0,0,0,0,,0,,,,,0,14.5,14.5
2023,POST,00-0036550,R.Bateman,Rashod Bateman,WR,WR,0,0,0,0,0,0,0,0,0,0,0,0,,0,,,0,0,0,0,0,0,,0,4,6,41,0,0,0,90,5,2,0.224693869,0,0.455555556,0.109090909,0.18,0.289636364,0,4.1,8.1
2023,POST,00-0036554,N.Collins,Nico Collins,WR,WR,0,0,0,0,0,0,0,0,0,0,0,0,,0,,,1,4,0,0,0,0,-0.114803137,0,11,17,164,1,0,0,184,92,9,7.605291799,0,0.891304348,0.320754717,0.433962264,0.78490566,0,22.8,33.8
2023,POST,00-0036556,B.Jordan,Brevin Jordan,TE,TE,0,0,0,0,0,0,0,0,0,0,0,0,,0,,,0,0,0,0,0,0,,0,1,2,76,1,0,0,6,72,1,5.0874782,0,12.66666667,0.037735849,0.014150943,0.066509434,0,13.6,14.6
2023,POST,00-0036567,E.Mitchell,Elijah Mitchell,RB,RB,0,0,0,0,0,0,0,0,0,0,0,0,,0,,,6,15,1,0,0,1,0.305510385,0,0,0,0,0,0,0,0,0,0,,0,,,,,0,7.5,7.5
2023,POST,00-0036613,J.Waddle,Jaylen Waddle,WR,WR,0,0,0,0,0,0,0,0,0,0,0,0,,0,,,1,9,0,0,0,0,0.7602419,0,2,5,31,0,0,0,86,0,2,-0.97901748,0,0.360465116,0.131578947,0.301754386,0.408596491,0,4,6
2023,POST,00-0036637,N.Gray,Noah Gray,TE,TE,0,0,0,0,0,0,0,0,0,0,0,0,,0,,,0,0,0,0,0,0,,0,8,11,66,0,0,0,73,28,3,-0.389573397,0,0.904109589,0.082706767,0.08021978,0.180213997,0,6.6,14.6
2023,POST,00-0036754,B.Wright,Brock Wright,TE,TE,0,0,0,0,0,0,0,0,0,0,0,0,,0,,,0,0,0,0,0,0,,0,1,1,29,0,0,0,2,27,1,2.274897287,0,14.5,0.023809524,0.007968127,0.041291975,0,2.9,3.9
2023,POST,00-0036849,T.Atwell,Tutu Atwell,WR,WR,0,0,0,0,0,0,0,0,0,0,0,0,,0,,,0,0,0,0,0,0,,0,1,1,38,1,0,0,16,22,1,3.590081709,0,2.375,0.029411765,0.050314465,0.079337773,0,9.8,10.8
2023,POST,00-0036862,B.Skowronek,Ben Skowronek,WR,WR,0,0,0,0,0,0,0,0,0,0,0,0,,0,,,0,0,0,0,0,0,,0,1,1,5,0,0,0,4,1,0,-0.202467283,0,1.25,0.029411765,0.012578616,0.052922679,0,0.5,1.5
2023,POST,00-0036888,D.Hamlin,Damar Hamlin,SS,DB,0,0,0,0,0,0,0,0,0,0,0,0,,0,,,1,2,0,0,0,0,-2.697172796,0,0,0,0,0,0,0,0,0,0,,0,,,,,0,0.2,0.2
2023,POST,00-0036893,N.Harris,Najee Harris,RB,RB,0,0,0,0,0,0,0,0,0,0,0,0,,0,,,12,37,0,0,0,1,-2.722793484,0,2,3,15,0,0,0,8,10,1,-0.090713174,0,1.875,0.078947368,0.028368794,0.138279209,0,5.2,7.2
2023,POST,00-0036894,P.Freiermuth,Pat Freiermuth,TE,TE,0,0,0,0,0,0,0,0,0,0,0,0,,0,,,0,0,0,0,0,0,,0,5,8,76,0,1,0,64,34,3,2.831987585,0,1.1875,0.210526316,0.226950355,0.474654722,0,7.6,12.6
2023,POST,00-0036898,D.Mills,Davis Mills,QB,QB,1,1,6,0,0,0,0,0,0,0,6,0,-1.182842053,0,0,,3,-4,0,0,0,0,0,0,0,0,0,0,0,0,0,0,0,,0,,,,,0,-0.16,-0.16
2023,POST,00-0036912,D.Smith,DeVonta Smith,WR,WR,0,0,0,0,0,0,0,0,0,0,0,0,,0,,,0,0,0,0,0,0,,0,8,12,148,0,0,0,160,43,6,4.225849905,0,0.925,0.375,0.62992126,1.003444882,0,14.8,22.8
2023,POST,00-0036919,K.Gainwell,Kenneth Gainwell,RB,RB,0,0,0,0,0,0,0,0,0,0,0,0,,0,,,4,3,0,0,0,1,-2.470162249,0,2,2,10,0,0,0,-1,11,0,-0.943004097,0,-10,0.0625,-0.003937008,0.090994094,0,1.3,3.3
2023,POST,00-0036963,A.St. Brown,Amon-Ra St. Brown,WR,WR,0,0,0,0,0,0,0,0,0,0,0,0,,0,,,1,2,0,0,0,0,-0.99821813,0,22,34,274,1,0,0,250,123,18,13.59188665,0,1.096,0.314814815,0.328947368,0.70248538,0,33.6,55.6
2023,POST,00-0036980,E.Moore,Elijah Moore,WR,WR,0,0,0,0,0,0,0,0,0,0,0,0,,0,,,0,0,0,0,0,0,,0,2,2,12,0,0,0,3,9,0,0.057262713,0,4,0.046511628,0.010600707,0.077187937,0,1.2,3.2
2023,POST,00-0037091,B.Melton,Bo Melton,WR,WR,0,0,0,0,0,0,0,0,0,0,0,0,,0,,,0,0,0,0,0,0,,0,2,3,26,1,0,0,66,1,1,2.188345654,0,0.393939394,0.055555556,0.154929577,0.191784038,0,8.6,10.6
2023,POST,00-0037197,I.Pacheco,Isiah Pacheco,RB,RB,0,0,0,0,0,0,0,0,0,0,0,0,,0,,,81,313,3,2,1,15,-20.7569069,0,12,12,60,0,0,0,-15,75,2,0.254139202,0,-4,0.090225564,-0.016483516,0.123799884,0,53.3,65.3
2023,POST,00-0037228,J.Warren,Jaylen Warren,RB,RB,0,0,0,0,0,0,0,0,0,0,0,0,,0,,,8,38,0,0,0,2,-0.333655427,0,2,2,16,0,0,0,-5,21,1,0.649856986,0,-3.2,0.052631579,-0.017730496,0.066536021,0,5.4,7.4
2023,POST,00-0037240,J.Williams,Jameson Williams,WR,WR,0,0,0,0,0,0,0,0,0,0,0,0,,0,,,1,42,1,0,0,1,3.953376744,0,6,9,79,1,0,0,157,4,5,7.721726634,0,0.503184713,0.083333333,0.206578947,0.269605263,0,24.1,30.1
2023,POST,00-0037247,G.Pickens,George Pickens,WR,WR,0,0,0,0,0,0,0,0,0,0,0,0,,0,,,1,15,0,0,0,1,0.920535215,0,5,11,50,0,1,1,120,2,3,-7.123236958,0,0.416666667,0.289473684,0.425531915,0.732082867,0,4.5,9.5
2023,POST,00-0037248,J.Cook,James Cook,RB,RB,0,0,0,0,0,0,0,0,0,0,0,0,,0,,,36,140,0,0,0,9,-1.485717817,0,8,9,26,0,0,0,-18,46,1,-2.894714214,0,-1.444444444,0.134328358,-0.044117647,0.170610184,0,16.6,24.6
2023,POST,00-0037256,R.White,Rachaad White,RB,RB,0,0,0,0,0,0,0,0,0,0,0,0,,0,,,27,127,0,0,0,9,0.254174181,0,5,8,39,1,0,0,6,48,3,3.469948852,0,6.5,0.108108108,0.00933126,0.168694044,0,22.6,27.6
2023,POST,00-0037257,D.Bell,David Bell,WR,WR,0,0,0,0,0,0,0,0,0,0,0,0,,0,,,0,0,0,0,0,0,,0,8,8,54,0,0,0,39,15,2,3.445737739,0,1.384615385,0.186046512,0.137809187,0.375536199,0,5.4,13.4
2023,POST,00-0037258,D.Pierce,Dameon Pierce,RB,RB,0,0,0,0,0,0,0,0,0,0,0,0,,0,,,3,0,0,0,0,0,-2.026000964,0,0,0,0,0,0,0,0,0,0,,0,,,,,0,0,0
2023,POST,00-0037261,K.Shakir,Khalil Shakir,WR,WR,0,0,0,0,0,0,0,0,0,0,0,0,,0,,,0,0,0,0,0,0,,0,10,12,75,2,0,0,54,53,6,9.37159635,0,1.388888889,0.179104478,0.132352941,0.361303775,0,19.5,29.5
2023,POST,00-0037267,J.Ford,Jerome Ford,RB,RB,0,0,0,0,0,0,0,0,0,0,0,0,,0,,,9,17,0,0,0,0,-4.764077152,0,4,4,15,0,0,0,-10,25,1,-0.930438831,0,-1.5,0.093023256,-0.035335689,0.114799901,0,3.2,7.2
2023,POST,00-0037304,C.Heyward,Connor Heyward,TE,TE,0,0,0,0,0,0,0,0,0,0,0,0,,0,,,0,0,0,0,0,0,,0,1,1,5,0,0,0,5,0,0,0.061546345,0,1,0.026315789,0.017730496,0.051885032,0,0.5,1.5
2023,POST,00-0037487,D.Thompkins,Deven Thompkins,WR,WR,0,0,0,0,0,0,0,0,0,0,0,0,,0,,,1,10,0,0,0,1,1.056416779,0,1,2,4,0,0,0,-5,8,0,-0.61862481,0,0,0.027027027,-0.00777605,0.035097306,0,1.4,2.4
2023,POST,00-0037557,R.Rivers,Ronnie Rivers,RB,RB,0,0,0,0,0,0,0,0,0,0,0,0,,0,,,3,9,0,0,0,1,-0.666394306,0,3,3,35,0,0,0,-12,47,2,2.110367275,0,-2.916666667,0.088235294,-0.037735849,0.105937847,0,4.4,7.4
2023,POST,00-0037614,J.Metchie,John Metchie III,WR,WR,0,0,0,0,0,0,0,0,0,0,0,0,,0,,,1,9,0,0,0,0,0.723237528,0,3,3,44,0,0,0,29,15,2,1.751013117,0,1.517241379,0.136363636,0.140776699,0.303089144,0,5.3,8.3
2023,POST,00-0037666,J.Tolbert,Jalen Tolbert,WR,WR,0,0,0,0,0,0,0,0,0,0,0,0,,0,,,0,0,0,0,0,0,,0,0,2,0,0,0,0,24,0,0,-4.286427122,0,0,0.034482759,0.048879837,0.085940024,0,0,0
2023,POST,00-0037816,R.Doubs,Romeo Doubs,WR,WR,0,0,0,0,0,0,0,0,0,0,0,0,,0,,,0,0,0,0,0,0,,0,10,12,234,1,0,0,180,76,8,23.1622911,0,1.3,0.222222222,0.422535211,0.629107981,0,29.4,39.4
2023,POST,00-0037834,B.Purdy,Brock Purdy,QB,QB,66,108,774,3,1,4,20,0,0,918,377,38,19.98448681,0,0.843137255,0.115945159,14,74,0,0,0,5,3.297032189,0,0,0,0,0,0,0,0,0,0,,0,,,,,0,48.36,48.36
2023,POST,00-0037837,C.Austin,Calvin Austin III,WR,WR,0,0,0,0,0,0,0,0,0,0,0,0,,0,,,0,0,0,0,0,0,,0,1,2,7,1,0,0,11,1,1,1.927595599,0,0.636363636,0.052631579,0.039007092,0.106252333,0,6.7,7.7
2023,POST,00-0037838,I.Likely,Isaiah Likely,TE,TE,0,0,0,0,0,0,0,0,0,0,0,0,,0,,,0,0,0,0,0,0,,0,4,6,50,1,0,0,67,23,3,-0.524930548,0,0.746268657,0.109090909,0.134,0.257436364,0,11,15
2023,POST,00-0037840,K.Williams,Kyren Williams,RB,RB,0,0,0,0,0,0,0,0,0,0,0,0,,0,,,13,61,0,0,0,3,-0.904083377,0,1,1,9,0,0,0,1,8,0,0.824996236,0,9,0.029411765,0.003144654,0.046318905,0,7,8
2023,POST,00-0038041,J.Ferguson,Jake Ferguson,TE,TE,0,0,0,0,0,0,0,0,0,0,0,0,,0,,,0,0,0,0,0,0,,0,10,12,93,3,0,0,75,27,7,10.35243501,0,1.24,0.206896552,0.152749491,0.417269471,0,27.3,37.3
2023,POST,00-0038046,C.Kolar,Charlie Kolar,TE,TE,0,0,0,0,0,0,0,0,0,0,0,0,,0,,,0,0,0,0,0,0,,0,1,1,4,0,0,0,4,0,0,-0.117344472,0,1,0.047619048,0.024096386,0.088296041,0,0.4,1.4
2023,POST,00-0038124,C.Watson,Christian Watson,WR,WR,0,0,0,0,0,0,0,0,0,0,0,0,,0,,,0,0,0,0,0,0,,0,2,3,20,0,0,0,26,16,1,-1.57372776,0,0.769230769,0.055555556,0.061032864,0.126056338,0,2,4
2023,POST,00-0038129,C.Otton,Cade Otton,TE,TE,0,0,0,0,0,0,0,0,0,0,0,0,,0,,,0,0,0,0,0,0,,0,13,19,154,1,0,0,121,79,10,5.302784623,0,1.272727273,0.256756757,0.188180404,0.516861418,0,21.4,34.4
2023,POST,00-0038393,D.Wicks,Dontayvion Wicks,WR,WR,0,0,0,0,0,0,0,0,0,0,0,0,,0,,,0,0,0,0,0,0,,0,2,4,25,1,0,0,40,0,1,1.901370351,0,0.625,0.074074074,0.093896714,0.176838811,0,8.5,10.5
2023,POST,00-0038547,L.Schoonmaker,Luke Schoonmaker,TE,TE,0,0,0,0,0,0,0,0,0,0,0,0,,0,,,0,0,0,0,0,0,,0,1,1,7,0,0,0,2,5,0,0.596730084,0,3.5,0.017241379,0.00407332,0.028713393,0,0.7,1.7
2023,POST,00-0038558,D.Washington,Darnell Washington,TE,TE,0,0,0,0,0,0,0,0,0,0,0,0,,0,,,0,0,0,0,0,0,,0,0,1,0,0,0,0,0,0,0,-0.572819796,0,,0.026315789,,,0,0,0
2023,POST,00-0038618,X.Hutchinson,Xavier Hutchinson,WR,WR,0,0,0,0,0,0,0,0,0,0,0,0,,0,,,0,0,0,0,0,0,,0,4,4,9,0,0,0,-9,18,0,-1.633848388,0,0,0.075471698,-0.021226415,0.098349057,0,0.9,4.9
2023,POST,00-0038797,E.Wilson,Emanuel Wilson,RB,RB,0,0,0,0,0,0,0,0,0,0,0,0,,0,,,12,36,0,0,0,2,-2.819965504,0,1,1,11,0,0,0,-5,16,1,1.634909675,0,-2.2,0.03030303,-0.025906736,0.02731983,0,4.7,5.7
2023,POST,00-0038809,B.Sims,Ben Sims,TE,TE,0,0,0,0,0,0,0,0,0,0,0,0,,0,,,0,0,0,0,0,0,,0,1,1,4,0,0,0,2,2,0,-0.307846887,0,2,0.03030303,0.010362694,0.052708431,0,0.4,1.4
2023,POST,00-0038933,D.Kincaid,Dalton Kincaid,TE,TE,0,0,0,0,0,0,0,0,0,0,0,0,,0,,,0,0,0,0,0,0,,0,8,11,104,1,0,0,98,43,5,4.954634199,0,1.06122449,0.164179104,0.240196078,0.414405912,0,16.4,24.4
2023,POST,00-0038996,T.Kraft,Tucker Kraft,TE,TE,0,0,0,0,0,0,0,0,0,0,0,0,,0,,,0,0,0,0,0,0,,0,5,9,24,1,0,0,26,16,2,-4.230131731,0,0.923076923,0.166666667,0.061032864,0.292723005,0,8.4,13.4
2023,POST,00-0039040,D.Achane,De'Von Achane,RB,RB,0,0,0,0,0,0,0,0,0,0,0,0,,0,,,6,9,0,0,0,1,-0.881019827,0,3,6,21,0,0,0,-10,26,1,-1.087444387,0,-2.1,0.157894737,-0.035087719,0.212280702,0,3,6
2023,POST,00-0039050,P.Durham,Payne Durham,TE,TE,0,0,0,0,0,0,0,0,0,0,0,0,,0,,,0,0,0,0,0,0,,0,1,1,18,0,0,0,7,11,1,1.109715511,0,2.571428571,0.028571429,0.021806854,0.05812194,0,1.8,2.8
2023,POST,00-0039052,T.Palmer,Trey Palmer,WR,WR,0,0,0,0,0,0,0,0,0,0,0,0,,0,,,1,9,0,0,0,0,0.748746791,0,3,4,88,1,0,0,38,60,2,4.494467958,0,2.315789474,0.054054054,0.059097978,0.122449666,0,15.7,18.7
2023,POST,00-0039064,Z.Flowers,Zay Flowers,WR,WR,0,0,0,0,0,0,0,0,0,0,0,0,,0,,,2,4,0,0,0,0,-0.848932315,0,9,13,156,1,1,1,132,48,6,1.023502522,0,1.181818182,0.236363636,0.264,0.539345455,0,20,29
2023,POST,00-0039065,S.LaPorta,Sam LaPorta,TE,TE,0,0,0,0,0,0,0,0,0,0,0,0,,0,,,0,0,0,0,0,0,,0,21,27,176,1,0,0,170,95,11,9.141696251,0,1.035294118,0.25,0.223684211,0.531578947,0,23.6,44.6
2023,POST,00-0039067,R.Rice,Rashee Rice,WR,WR,0,0,0,0,0,0,0,0,0,0,0,0,,0,,,2,5,0,1,0,1,0.311656401,0,26,33,262,1,1,0,125,195,15,17.76277024,0,2.096,0.248120301,0.137362637,0.468334297,0,32.7,58.7
2023,POST,00-0039074,D.Allen,Davis Allen,TE,TE,0,0,0,0,0,0,0,0,0,0,0,0,,0,,,0,0,0,0,0,0,,0,2,2,28,0,0,0,9,19,1,2.188752085,0,3.111111111,0.058823529,0.028301887,0.108046615,0,2.8,4.8
2023,POST,00-0039075,P.Nacua,Puka Nacua,WR,WR,0,0,0,0,0,0,0,0,0,0,0,0,,0,,,1,-2,0,1,0,0,-1.114589499,0,9,10,181,1,0,0,96,103,6,14.60505833,0,1.885416667,0.294117647,0.301886792,0.652497225,0,23.9,32.9
2023,POST,00-0039139,J.Gibbs,Jahmyr Gibbs,RB,RB,0,0,0,0,0,0,0,0,0,0,0,0,,0,,,29,144,3,1,1,8,-0.727267107,0,11,14,94,0,0,0,4,113,4,0.127541934,0,23.5,0.12962963,0.005263158,0.198128655,0,39.8,50.8
2023,POST,00-0039144,L.Musgrave,Luke Musgrave,TE,TE,0,0,0,0,0,0,0,0,0,0,0,0,,0,,,0,0,0,0,0,0,,0,6,7,66,1,0,0,59,29,5,6.530255899,0,1.118644068,0.12962963,0.138497653,0.291392801,0,12.6,18.6
2023,POST,00-0039146,J.Reed,Jayden Reed,WR,WR,0,0,0,0,0,0,0,0,0,0,0,0,,0,,,1,9,0,0,0,0,0.921164723,0,4,7,35,0,0,0,41,20,1,-2.340395483,0,0.853658537,0.12962963,0.096244131,0.261815336,0,4.4,8.4
2023,POST,00-0039163,C.Stroud,C.J. Stroud,QB,QB,35,54,449,3,0,0,0,0,0,427,250,18,10.14646959,0,1.051522248,0.105650695,4,10,0,0,0,0,-1.543788732,0,0,0,0,0,0,0,0,0,0,,0,,,,,0,30.96,30.96
2024,POST,00-0026498,M.Stafford,Matthew Stafford,QB,QB,45,71,533,4,0,7,40,1,1,642,179,25,9.067928768,0,0.830218069,0.05791467,4,4,0,1,0,0,-4.842430157,0,0,0,0,0,0,0,0,0,0,,0,,,,,0,35.72,35.72
2024,POST,00-0029263,R.Wilson,Russell Wilson,QB,QB,20,29,270,2,0,4,19,0,0,244,126,9,8.114423981,0,1.106557377,0.179473873,3,6,0,0,0,0,-1.287414853,0,0,0,0,0,0,0,0,0,0,,0,,,,,0,19.4,19.4
2024,POST,00-0030061,Z.Ertz,Zach Ertz,TE,TE,0,0,0,0,0,0,0,0,0,0,0,0,,0,,,0,0,0,0,0,0,,0,18,25,155,1,0,0,171,39,13,16.66738853,0,0.906432749,0.231481481,0.24084507,0.515813772,0,21.5,39.5
2024,POST,00-0030140,T.Way,Tress Way,P,SPEC,1,1,23,0,0,0,0,0,0,16,7,1,3.984215603,0,1.4375,,0,0,0,0,0,0,,0,0,0,0,0,0,0,0,0,0,,0,,,,,0,0.92,0.92
2024,POST,00-0030431,R.Woods,Robert Woods,WR,WR,0,0,0,0,0,0,0,0,0,0,0,0,,0,,,0,0,0,0,0,0,,0,2,4,22,0,0,0,34,2,2,0.003789235,0,0.647058824,0.125,0.109677419,0.264274194,0,2.2,4.2
2024,POST,00-0030506,T.Kelce,Travis Kelce,TE,TE,0,0,0,0,0,0,0,0,0,0,0,0,,0,,,0,0,0,0,0,0,,0,13,18,175,1,0,0,116,85,7,10.98650419,0,1.50862069,0.222222222,0.200345423,0.47357513,0,23.5,36.5
2024,POST,00-0030564,D.Hopkins,DeAndre Hopkins,WR,WR,0,0,0,0,0,0,0,0,0,0,0,0,,0,,,0,0,0,0,0,0,,0,3,8,29,1,0,0,70,4,3,-6.266813822,1,0.414285714,0.098765432,0.1208981,0.232776818,0,10.9,13.9
2024,POST,00-0031237,T.Bridgewater,Teddy Bridgewater,QB,QB,1,1,3,0,0,0,0,0,0,3,0,1,-0.131951792,0,1,,0,0,0,0,0,0,,0,0,0,0,0,0,0,0,0,0,,0,,,,,0,0.12,0.12
2024,POST,00-0031408,M.Evans,Mike Evans,WR,WR,0,0,0,0,0,0,0,0,0,0,0,0,,0,,,0,0,0,0,0,0,,0,7,7,92,1,0,0,63,29,7,10.10456008,0,1.46031746,0.411764706,0.459854015,0.939544869,0,15.2,22.2
2024,POST,00-0031544,A.Cooper,Amari Cooper,WR,WR,0,0,0,0,0,0,0,0,0,0,0,0,,0,,,0,0,0,0,0,0,,0,6,8,41,0,0,0,33,23,1,-0.217808888,0,1.242424242,0.103896104,0.052715655,0.192745114,0,4.1,10.1
2024,POST,00-0031549,N.Agholor,Nelson Agholor,WR,WR,0,0,0,0,0,0,0,0,0,0,0,0,,0,,,0,0,0,0,0,0,,0,1,2,25,0,0,0,18,9,1,0.788622337,0,1.388888889,0.045454545,0.048257373,0.101961979,0,2.5,3.5
2024,POST,00-0031941,J.Crowder,Jamison Crowder,WR,WR,0,0,0,0,0,0,0,0,0,0,0,0,,0,,,0,0,0,0,0,0,,0,3,5,29,0,0,0,30,13,1,1.571093394,0,0.966666667,0.065789474,0.057692308,0.139068826,0,2.9,5.9
2024,POST,00-0032268,M.Mariota,Marcus Mariota,QB,QB,0,0,0,0,0,0,0,0,0,0,0,0,,0,,,2,1,0,0,0,1,-4.059322625,0,0,0,0,0,0,0,0,0,0,,0,,,,,0,0.1,0.1
2024,POST,00-0032464,K.Raymond,Kalif Raymond,WR,WR,0,0,0,0,0,0,0,0,0,0,0,0,,0,,,0,0,0,0,0,0,,0,3,3,37,0,0,0,13,24,2,3.249270968,0,2.846153846,0.076923077,0.037249284,0.141459114,0,3.7,6.7
2024,POST,00-0032764,D.Henry,Derrick Henry,RB,RB,0,0,0,0,0,0,0,0,0,0,0,0,,0,,,42,270,3,0,0,12,6.895187866,0,0,2,0,0,0,0,16,0,0,-1.290825508,0,0,0.08,0.061538462,0.163076923,0,45,45
2024,POST,00-0032775,D.Robinson,Demarcus Robinson,WR,WR,0,0,0,0,0,0,0,0,0,0,0,0,,0,,,0,0,0,0,0,0,,0,4,9,97,0,0,0,162,8,4,5.404309517,0,0.598765432,0.128571429,0.25,0.367857143,0,9.7,13.7
2024,POST,00-0032918,C.Ham,C.J. Ham,FB,RB,0,0,0,0,0,0,0,0,0,0,0,0,,0,,,0,0,0,0,0,0,,0,1,1,8,0,0,0,5,3,0,0.508167691,0,1.6,0.025,0.011904762,0.045833333,0,0.8,1.8
2024,POST,00-0032943,R.Dixon,Riley Dixon,P,SPEC,1,1,15,0,0,0,0,0,0,15,0,1,3.490683566,0,1,,0,0,0,0,0,0,,0,0,0,0,0,0,0,0,0,0,,0,,,,,0,0.6,0.6
2024,POST,00-0033106,J.Goff,Jared Goff,QB,QB,23,40,313,1,3,2,16,1,1,331,153,17,-4.439887656,0,0.945619335,0.030366861,1,7,0,0,0,1,1.678146128,0,0,0,0,0,0,0,0,0,0,,0,,,,,0,9.22,9.22
2024,POST,00-0033110,T.Higbee,Tyler Higbee,TE,TE,0,0,0,0,0,0,0,0,0,0,0,0,,0,,,0,0,0,0,0,0,,0,12,15,112,1,0,0,57,63,5,5.65303706,0,1.964912281,0.214285714,0.087962963,0.383002646,0,17.2,29.2
2024,POST,00-0033246,J.Mundt,Johnny Mundt,TE,TE,0,0,0,0,0,0,0,0,0,0,0,0,,0,,,0,0,0,0,0,0,,0,2,3,28,0,0,0,11,19,2,1.699588803,0,2.545454545,0.075,0.026190476,0.130833333,0,2.8,4.8
2024,POST,00-0033282,C.Samuel,Curtis Samuel,WR,WR,0,0,0,0,0,0,0,0,0,0,0,0,,0,,,0,0,0,0,0,0,,0,6,8,81,2,0,0,36,50,4,11.70698932,0,2.25,0.103896104,0.057507987,0.196099747,0,20.1,26.1
2024,POST,00-0033293,A.Jones,Aaron Jones,RB,RB,0,0,0,0,0,0,0,0,0,0,0,0,,0,,,13,48,0,0,0,1,-3.017068718,0,3,6,12,0,0,0,-24,18,0,-2.359975936,0,-0.5,0.15,-0.057142857,0.185,0,6,9
2024,POST,00-0033375,T.Patrick,Tim Patrick,WR,WR,0,0,0,0,0,0,0,0,0,0,0,0,,0,,,0,0,0,0,0,0,,0,1,4,22,0,0,0,55,18,1,-9.253610815,0,0.4,0.102564103,0.157593123,0.26416134,0,2.2,3.2
2024,POST,00-0033526,S.Perine,Samaje Perine,RB,RB,0,0,0,0,0,0,0,0,0,0,0,0,,0,,,1,8,0,0,0,1,0.72617686,0,1,3,17,0,0,0,-1,17,1,1.252472251,0,-17,0.037037037,-0.004065041,0.052710027,0,2.5,3.5
2024,POST,00-0033536,M.Williams,Mike Williams,WR,WR,0,0,0,0,0,0,0,0,0,0,0,0,,0,,,0,0,0,0,0,0,,0,1,2,37,0,0,0,25,17,1,3.103762015,0,1.48,0.076923077,0.12195122,0.200750469,0,3.7,4.7
2024,POST,00-0033555,M.Hollins,Mack Hollins,WR,WR,0,0,0,0,0,0,0,0,0,0,0,0,,0,,,0,0,0,0,0,0,,0,5,8,104,1,0,0,156,17,4,8.123640847,0,0.666666667,0.103896104,0.249201278,0.33028505,0,16.4,21.4
2024,POST,00-0033699,A.Ekeler,Austin Ekeler,RB,RB,0,0,0,0,0,0,0,0,0,0,0,0,,0,,,22,89,0,0,0,3,-4.255010349,0,12,15,84,0,1,1,25,90,3,-9.515665021,0,3.36,0.138888889,0.035211268,0.232981221,0,15.3,27.3
2024,POST,00-0033854,D.Ogunbowale,Dare Ogunbowale,RB,RB,0,0,0,0,0,0,0,0,0,0,0,0,,0,,,2,14,0,0,0,0,0.624609812,0,1,1,0,0,0,0,-6,6,0,-0.359966822,0,0,0.035714286,-0.022222222,0.038015873,0,1.4,2.4
2024,POST,00-0033857,J.Smith-Schuster,JuJu Smith-Schuster,WR,WR,0,0,0,0,0,0,0,0,0,0,0,0,,0,,,0,0,0,0,0,0,,0,4,6,76,0,0,0,50,47,3,2.231302226,0,1.52,0.074074074,0.086355786,0.171560161,0,7.6,11.6
2024,POST,00-0033869,M.Trubisky,Mitchell Trubisky,QB,QB,0,0,0,0,0,0,0,0,0,0,0,0,,0,,,3,-3,0,0,0,0,-4.054628354,0,0,0,0,0,0,0,0,0,0,,0,,,,,0,-0.3,-0.3
2024,POST,00-0033873,P.Mahomes,Patrick Mahomes,QB,QB,55,83,679,5,2,11,58,1,1,588,329,32,0.222743341,3,1.154761905,0.070802713,22,82,2,2,1,7,0.258952657,0,0,0,0,0,0,0,0,0,0,,0,,,,,0,65.36,65.36
2024,POST,00-0033897,J.Mixon,Joe Mixon,RB,RB,0,0,0,0,0,0,0,0,0,0,0,0,,0,,,43,194,2,1,1,8,-2.608679673,0,3,5,25,0,0,0,2,24,1,-0.384349774,0,12.5,0.083333333,0.003448276,0.127413793,0,31.9,34.9
2024,POST,00-0033908,C.Kupp,Cooper Kupp,WR,WR,0,0,0,0,0,0,0,0,0,0,0,0,,0,,,0,0,0,0,0,0,,0,6,8,90,0,0,0,128,11,4,7.770876617,0,0.703125,0.114285714,0.197530864,0.309700176,0,9,15
2024,POST,00-0033923,K.Hunt,Kareem Hunt,RB,RB,0,0,0,0,0,0,0,0,0,0,0,0,,0,,,28,117,2,0,0,8,0.604618362,0,3,3,13,0,0,0,-2,15,0,0.927252013,0,-6.5,0.037037037,-0.003454231,0.053137594,0,25,28
2024,POST,00-0033955,J.McNichols,Jeremy McNichols,RB,RB,0,0,0,0,0,0,0,0,0,0,0,0,,0,,,5,9,1,0,0,1,-0.788178531,0,0,0,0,0,0,0,0,0,0,,0,,,,,0,6.9,6.9
2024,POST,00-0034159,W.Dissly,Will Dissly,TE,TE,0,0,0,0,0,0,0,0,0,0,0,0,,0,,,0,0,0,0,0,0,,0,2,5,16,0,0,0,31,14,0,-8.747309146,0,0.516129032,0.15625,0.07654321,0.287955247,0,1.6,3.6
2024,POST,00-0034184,G.Edwards,Gus Edwards,RB,RB,0,0,0,0,0,0,0,0,0,0,0,0,,0,,,7,22,0,0,0,1,-1.928428051,0,0,0,0,0,0,0,0,0,0,,0,,,,,0,2.2,2.2
2024,POST,00-0034348,C.Sutton,Courtland Sutton,WR,WR,0,0,0,0,0,0,0,0,0,0,0,0,,0,,,0,0,0,0,0,0,,0,5,9,75,0,0,0,157,12,4,-0.820124312,0,0.477707006,0.391304348,0.570909091,0.986592885,0,7.5,12.5
2024,POST,00-0034351,D.Goedert,Dallas Goedert,TE,TE,0,0,0,0,0,0,0,0,0,0,0,0,,0,,,2,13,0,0,0,0,0.98547758,0,17,20,215,1,0,0,115,129,9,13.22211353,0,1.869565217,0.235294118,0.194915254,0.489381854,0,28.8,45.8
2024,POST,00-0034353,A.Miller,Anthony Miller,WR,WR,0,0,0,0,0,0,0,0,0,0,0,0,,0,,,0,0,0,0,0,0,,0,4,4,28,0,0,0,15,13,1,1.551442428,0,1.866666667,0.090909091,0.040214477,0.16451377,0,2.8,6.8
2024,POST,00-0034383,D.Schultz,Dalton Schultz,TE,TE,0,0,0,0,0,0,0,0,0,0,0,0,,0,,,0,0,0,0,0,0,,0,6,8,86,0,0,0,93,23,4,4.165656471,0,0.924731183,0.133333333,0.160344828,0.312241379,0,8.6,14.6
2024,POST,00-0034386,J.Watson,Justin Watson,WR,WR,0,0,0,0,0,0,0,0,0,0,0,0,,0,,,0,0,0,0,0,0,,0,0,0,0,0,0,0,0,0,0,,2,,,,,0,4,4
2024,POST,00-0034487,T.Sherfield,Trent Sherfield,WR,WR,0,0,0,0,0,0,0,0,0,0,0,0,,0,,,0,0,0,0,0,0,,0,2,3,8,0,0,0,22,2,0,-3.506559047,0,0.363636364,0.075,0.052380952,0.149166667,0,0.8,2.8
2024,POST,00-0034753,M.Andrews,Mark Andrews,TE,TE,0,0,0,0,0,0,0,0,0,0,0,0,,0,,,4,8,0,0,0,4,3.015917675,0,7,10,88,0,1,1,81,32,5,0.989008558,0,1.086419753,0.227272727,0.217158177,0.492919815,0,7.6,14.6
2024,POST,00-0034777,D.Chark,D.J. Chark,WR,WR,0,0,0,0,0,0,0,0,0,0,0,0,,0,,,0,0,0,0,0,0,,0,1,4,10,0,0,0,69,6,0,-4.793533472,0,0.144927536,0.125,0.17037037,0.306759259,0,1,2
2024,POST,00-0034796,L.Jackson,Lamar Jackson,QB,QB,34,46,429,4,1,3,24,1,1,378,171,20,15.90495453,0,1.134920635,0.255464708,21,120,0,0,0,8,4.649677752,0,0,0,0,0,0,0,0,0,0,,0,,,,,0,41.16,41.16
2024,POST,00-0034844,S.Barkley,Saquon Barkley,RB,RB,0,0,0,0,0,0,0,0,0,0,0,0,,0,,,91,499,5,0,0,17,-3.289510935,0,13,15,75,0,0,0,-14,92,3,4.35260465,0,-5.357142857,0.176470588,-0.030368764,0.243447748,0,87.4,100.4
2024,POST,00-0034855,B.Mayfield,Baker Mayfield,QB,QB,15,18,185,2,0,1,2,0,0,138,81,12,13.49911541,0,1.34057971,0.257852116,7,23,0,1,1,1,-7.474898199,0,0,0,0,0,0,0,0,0,0,,0,,,,,0,15.7,15.7
2024,POST,00-0034857,J.Allen,Josh Allen,QB,QB,58,82,636,4,0,5,22,1,0,674,322,26,21.41072323,1,0.943620178,0.195388026,29,105,2,2,0,14,4.656058337,0,0,0,0,0,0,0,0,0,0,,0,,,,,0,65.94,65.94
2024,POST,00-0034869,S.Darnold,Sam Darnold,QB,QB,25,40,245,1,1,9,82,1,1,420,99,11,-28.95173703,0,0.583333333,0.003774173,4,19,0,0,0,3,5.571961073,0,0,0,0,0,0,0,0,0,0,,0,,,,,0,11.7,11.7
2024,POST,00-0034928,S.Sims,Steven Sims,WR,WR,0,0,0,0,0,0,0,0,0,0,0,0,,0,,,1,15,0,0,0,1,0.896699336,0,1,1,4,0,0,0,-3,7,0,-0.099835739,0,0,0.04,-0.011538462,0.051923077,0,1.9,2.9
2024,POST,00-0034970,I.Smith,Irv Smith,TE,TE,0,0,0,0,0,0,0,0,0,0,0,0,,0,,,0,0,0,0,0,0,,0,1,1,2,0,0,0,2,0,0,-0.359579039,0,1,0.035714286,0.007407407,0.058756614,0,0.2,1.2
2024,POST,00-0034975,J.Hill,Justice Hill,RB,RB,0,0,0,0,0,0,0,0,0,0,0,0,,0,,,12,62,0,0,0,4,0.094024966,0,6,6,20,1,0,0,-10,30,3,2.63689926,0,-2,0.136363636,-0.026809651,0.185778699,0,14.2,20.2
2024,POST,00-0035208,O.Zaccheaus,Olamide Zaccheaus,WR,WR,0,0,0,0,0,0,0,0,0,0,0,0,,0,,,0,0,0,0,0,0,,0,7,10,45,0,0,0,36,36,4,1.176214106,1,1.25,0.092592593,0.050704225,0.174381847,0,6.5,13.5
2024,POST,00-0035216,D.Johnson,Diontae Johnson,WR,WR,0,0,0,0,0,0,0,0,0,0,0,0,,0,,,0,0,0,0,0,0,,0,1,1,12,0,0,0,8,4,0,-0.069780446,0,1.5,0.03125,0.025806452,0.064939516,0,1.2,2.2
2024,POST,00-0035229,T.Hockenson,T.J. Hockenson,TE,TE,0,0,0,0,0,0,0,0,0,0,0,0,,0,,,0,0,0,0,0,0,,0,5,5,64,1,0,0,33,31,3,6.590606098,0,1.939393939,0.125,0.078571429,0.2425,0,12.4,17.4
2024,POST,00-0035249,J.Oliver,Josh Oliver,TE,TE,0,0,0,0,0,0,0,0,0,0,0,0,,0,,,0,0,0,0,0,0,,0,1,1,5,0,0,0,-2,7,0,0.039519449,0,0,0.025,-0.004761905,0.034166667,0,0.5,1.5
2024,POST,00-0035537,T.Johnson,Ty Johnson,RB,RB,0,0,0,0,0,0,0,0,0,0,0,0,,0,,,20,94,0,0,0,5,0.258405161,0,4,4,34,1,0,0,20,14,3,4.244639367,0,1.7,0.051948052,0.041067762,0.106669511,0,18.8,22.8
2024,POST,00-0035659,T.McLaurin,Terry McLaurin,WR,WR,0,0,0,0,0,0,0,0,0,0,0,0,,0,,,0,0,0,0,0,0,,0,14,23,227,3,0,0,209,130,10,15.22930984,0,1.086124402,0.212962963,0.294366197,0.525500782,0,40.7,54.7
2024,POST,00-0035662,M.Brown,Marquise Brown,WR,WR,0,0,0,0,0,0,0,0,0,0,0,0,,0,,,0,0,0,0,0,0,,0,5,13,50,0,0,0,167,26,3,-7.783623858,0,0.299401198,0.160493827,0.288428325,0.442640568,0,5,10
2024,POST,00-0035676,A.Brown,A.J. Brown,WR,WR,0,0,0,0,0,0,0,0,0,0,0,0,,0,,,0,0,0,0,0,0,,0,12,23,163,2,0,0,315,48,12,12.59141209,0,0.517460317,0.270588235,0.533898305,0.779611167,0,28.3,40.3
2024,POST,00-0035685,D.Montgomery,David Montgomery,RB,RB,1,1,20,0,0,0,0,0,0,-3,23,1,1.185910113,0,0,,7,28,0,0,0,2,-0.605129047,0,0,0,0,0,0,0,0,0,0,,0,,,,,0,3.6,3.6
2024,POST,00-0035689,D.Knox,Dawson Knox,TE,TE,0,0,0,0,0,0,0,0,0,0,0,0,,0,,,0,0,0,0,0,0,,0,4,6,45,0,0,0,69,17,2,-0.2055599,0,0.652173913,0.077922078,0.110223642,0.194039666,0,4.5,8.5
2024,POST,00-0035700,J.Jacobs,Josh Jacobs,RB,RB,0,0,0,0,0,0,0,0,0,0,0,0,,0,,,18,81,1,1,0,2,-0.027347114,0,3,3,40,0,0,0,6,34,3,3.362518583,0,6.666666667,0.090909091,0.02166065,0.151526091,0,18.1,21.1
2024,POST,00-0036158,J.Dobbins,J.K. Dobbins,RB,RB,0,0,0,0,0,0,0,0,0,0,0,0,,0,,,9,26,0,0,0,2,-2.658374526,0,0,1,0,0,0,0,0,0,0,-1.511405969,0,,0.03125,,,0,2.6,2.6
2024,POST,00-0036244,C.Parkinson,Colby Parkinson,TE,TE,0,0,0,0,0,0,0,0,0,0,0,0,,0,,,0,0,0,0,0,0,,0,4,4,22,1,0,0,14,8,1,2.344131297,0,1.571428571,0.057142857,0.021604938,0.100837743,0,8.2,12.2
2024,POST,00-0036264,J.Love,Jordan Love,QB,QB,20,33,212,0,3,2,17,0,0,277,127,12,-5.509075429,0,0.76534296,-0.00587283,2,10,0,0,0,0,0.567049415,0,0,0,0,0,0,0,0,0,0,,0,,,,,0,3.48,3.48
2024,POST,00-0036322,J.Jefferson,Justin Jefferson,WR,WR,0,0,0,0,0,0,0,0,0,0,0,0,,0,,,0,0,0,0,0,0,,0,5,8,58,0,0,0,149,11,2,-2.688317958,0,0.389261745,0.2,0.354761905,0.548333333,0,5.8,10.8
2024,POST,00-0036355,J.Herbert,Justin Herbert,QB,QB,14,32,242,1,4,4,31,0,0,405,112,9,-23.05662093,0,0.597530864,-0.079320692,0,0,0,0,0,0,,0,0,0,0,0,0,0,0,0,0,,0,,,,,0,5.68,5.68
2024,POST,00-0036389,J.Hurts,Jalen Hurts,QB,QB,65,91,726,5,1,13,100,1,0,617,385,35,25.85473682,0,1.176661264,0.19902085,34,194,5,0,0,14,10.9954661,0,0,0,0,0,0,0,0,0,0,,0,,,,,0,96.44,96.44
2024,POST,00-0036414,C.Akers,Cam Akers,RB,RB,0,0,0,0,0,0,0,0,0,0,0,0,,0,,,5,39,0,0,0,1,-0.350229143,0,0,0,0,0,0,0,0,0,0,,0,,,,,0,3.9,3.9
2024,POST,00-0036415,V.Jefferson,Van Jefferson,WR,WR,0,0,0,0,0,0,0,0,0,0,0,0,,0,,,0,0,0,0,0,0,,0,2,2,37,1,0,0,37,0,1,3.394213893,0,1,0.076923077,0.180487805,0.241726079,0,9.7,11.7
2024,POST,00-0036422,A.Trautman,Adam Trautman,TE,TE,0,0,0,0,0,0,0,0,0,0,0,0,,0,,,0,0,0,0,0,0,,0,1,1,2,0,0,0,2,0,0,-0.374200855,0,1,0.043478261,0.007272727,0.0703083,0,0.2,1.2
2024,POST,00-0036550,R.Bateman,Rashod Bateman,WR,WR,0,0,0,0,0,0,0,0,0,0,0,0,,0,,,0,0,0,0,0,0,,0,6,7,90,2,0,0,107,13,4,7.027123733,0,0.841121495,0.159090909,0.286863271,0.439440653,0,21,27
2024,POST,00-0036554,N.Collins,Nico Collins,WR,WR,0,0,0,0,0,0,0,0,0,0,0,0,,0,,,0,0,0,0,0,0,,0,12,16,203,1,0,0,214,67,11,15.9821926,0,0.948598131,0.266666667,0.368965517,0.658275862,0,26.3,38.3
2024,POST,00-0036626,D.Brown,Dyami Brown,WR,WR,0,0,0,0,0,0,0,0,0,0,0,0,,0,,,0,0,0,0,0,0,,0,14,18,229,1,2,1,190,91,9,9.340190896,0,1.205263158,0.166666667,0.267605634,0.437323944,0,26.9,40.9
2024,POST,00-0036628,J.Bates,John Bates,TE,TE,0,0,0,0,0,0,0,0,0,0,0,0,,0,,,0,0,0,0,0,0,,0,3,5,31,0,0,0,26,5,2,1.479061866,0,1.192307692,0.046296296,0.05,0.104444444,0,3.1,6.1
2024,POST,00-0036630,T.Wallace,Tylan Wallace,WR,WR,0,0,0,0,0,0,0,0,0,0,0,0,,0,,,0,0,0,0,0,0,,0,2,3,48,0,1,0,26,26,2,2.824795302,0,1.846153846,0.068181818,0.069705094,0.151066293,0,4.8,6.8
2024,POST,00-0036637,N.Gray,Noah Gray,TE,TE,0,0,0,0,0,0,0,0,0,0,0,0,,0,,,0,0,0,0,0,0,,0,4,4,15,0,0,0,11,4,0,-1.592914151,0,1.363636364,0.071428571,0.0275,0.126392857,0,1.5,5.5
2024,POST,00-0036849,T.Atwell,Tutu Atwell,WR,WR,0,0,0,0,0,0,0,0,0,0,0,0,,0,,,0,0,0,0,0,0,,0,1,1,18,0,0,0,18,0,1,1.481792609,0,1,0.022727273,0.040632054,0.062533347,0,1.8,2.8
2024,POST,00-0036893,N.Harris,Najee Harris,RB,RB,0,0,0,0,0,0,0,0,0,0,0,0,,0,,,6,17,0,0,0,1,-1.346097611,0,3,3,41,0,0,0,-8,49,1,3.300911352,0,-5.125,0.115384615,-0.03902439,0.14575985,0,5.8,8.8
2024,POST,00-0036894,P.Freiermuth,Pat Freiermuth,TE,TE,0,0,0,0,0,0,0,0,0,0,0,0,,0,,,0,0,0,0,0,0,,0,3,4,15,0,0,0,14,5,0,-3.108059446,0,1.071428571,0.153846154,0.068292683,0.278574109,0,1.5,4.5
2024,POST,00-0036912,D.Smith,DeVonta Smith,WR,WR,0,0,0,0,0,0,0,0,0,0,0,0,,0,,,0,0,0,0,0,0,,0,16,17,190,1,0,0,131,65,7,15.17988912,0,1.450381679,0.2,0.222033898,0.455423729,0,25,41
2024,POST,00-0036919,K.Gainwell,Kenneth Gainwell,RB,RB,0,0,0,0,0,0,0,0,0,0,0,0,,0,,,13,42,0,0,0,3,-2.131134683,0,3,3,26,0,0,0,-8,34,1,1.478721487,0,-3.25,0.068181818,-0.029304029,0.081759907,0,6.8,9.8
2024,POST,00-0036945,J.Fields,Justin Fields,QB,QB,0,1,0,0,0,0,0,0,0,5,0,0,-0.470344614,0,0,,0,0,0,0,0,0,,0,0,0,0,0,0,0,0,0,0,,0,,,,,0,0,0
2024,POST,00-0036963,A.St. Brown,Amon-Ra St. Brown,WR,WR,0,0,0,0,0,0,0,0,0,0,0,0,,0,,,0,0,0,0,0,0,,0,8,10,137,0,0,0,89,61,7,10.51916275,0,1.539325843,0.256410256,0.255014327,0.563125413,0,13.7,21.7
2024,POST,00-0036997,J.Williams,Javonte Williams,RB,RB,0,0,0,0,0,0,0,0,0,0,0,0,,0,,,7,29,0,0,0,0,-0.942174634,0,2,2,14,0,0,0,1,13,0,0.155827313,0,14,0.086956522,0.003636364,0.132980237,0,4.3,6.3
2024,POST,00-0037004,H.Long,Hunter Long,TE,TE,0,0,0,0,0,0,0,0,0,0,0,0,,0,,,0,0,0,0,0,0,,0,1,2,13,0,0,0,49,0,1,0.376875166,0,0.265306122,0.076923077,0.23902439,0.282701689,0,1.3,2.3
2024,POST,00-0037085,T.Badie,Tyler Badie,RB,RB,0,0,0,0,0,0,0,0,0,0,0,0,,0,,,2,8,0,0,0,0,-0.240343912,0,0,0,0,0,0,0,0,0,0,,0,,,,,0,0.8,0.8
2024,POST,00-0037086,G.Calcaterra,Grant Calcaterra,TE,TE,0,0,0,0,0,0,0,0,0,0,0,0,,0,,,0,0,0,0,0,0,,0,1,1,4,0,0,0,4,0,0,-0.377142621,0,1,0.055555556,0.033333333,0.106666667,0,0.4,1.4
2024,POST,00-0037091,B.Melton,Bo Melton,WR,WR,0,0,0,0,0,0,0,0,0,0,0,0,,0,,,0,0,0,0,0,0,,0,1,3,16,0,0,0,64,0,1,-3.201662306,0,0.25,0.090909091,0.231046931,0.298096488,0,1.6,2.6
2024,POST,00-0037197,I.Pacheco,Isiah Pacheco,RB,RB,0,0,0,0,0,0,0,0,0,0,0,0,,0,,,13,37,0,0,0,0,-3.040986999,0,3,5,17,0,0,0,-1,19,2,-0.739310063,0,-17,0.061728395,-0.003003003,0.09049049,0,5.4,8.4
2024,POST,00-0037228,J.Warren,Jaylen Warren,RB,RB,0,0,0,0,0,0,0,0,0,0,0,0,,0,,,2,6,0,0,0,1,0.11376041,0,4,5,19,0,0,0,-11,28,1,-0.677420669,0,-1.727272727,0.192307692,-0.053658537,0.250900563,0,2.5,6.5
2024,POST,00-0037240,J.Williams,Jameson Williams,WR,WR,0,1,0,0,1,0,0,0,0,20,0,0,-4.4414271,0,0,,1,61,1,0,0,1,5.169890276,0,1,4,19,0,0,0,111,0,1,-3.616179081,0,0.171171171,0.102564103,0.318051576,0.376482257,0,12,13
2024,POST,00-0037247,G.Pickens,George Pickens,WR,WR,0,0,0,0,0,0,0,0,0,0,0,0,,0,,,0,0,0,0,0,0,,0,5,5,87,1,0,0,66,21,4,8.422809026,0,1.318181818,0.192307692,0.32195122,0.513827392,0,14.7,19.7
2024,POST,00-0037248,J.Cook,James Cook,RB,RB,0,0,0,0,0,0,0,0,0,0,0,0,,0,,,53,272,3,0,0,15,8.8972446,0,6,6,64,0,0,0,-12,76,2,3.020566888,0,-5.333333333,0.115384615,-0.031331593,0.151144808,0,51.6,57.6
2024,POST,00-0037256,R.White,Rachaad White,RB,RB,0,0,0,0,0,0,0,0,0,0,0,0,,0,,,1,1,0,0,0,0,-0.262264644,0,2,2,14,0,0,0,4,10,0,1.220492134,0,3.5,0.117647059,0.02919708,0.196908544,0,1.5,3.5
2024,POST,00-0037258,D.Pierce,Dameon Pierce,RB,RB,0,0,0,0,0,0,0,0,0,0,0,0,,0,,,6,25,0,0,0,1,-1.675526879,0,0,1,0,0,0,0,-5,0,0,-1.823627691,0,0,0.035714286,-0.018518519,0.040608466,0,2.5,2.5
2024,POST,00-0037261,K.Shakir,Khalil Shakir,WR,WR,0,0,0,0,0,0,0,0,0,0,0,0,,0,,,0,0,0,0,0,0,,0,18,20,174,0,0,0,103,99,7,8.41754858,0,1.689320388,0.25974026,0.164536741,0.504786108,0,17.4,35.4
2024,POST,00-0037284,M.Araiza,Matt Araiza,P,SPEC,0,0,0,0,0,0,0,0,0,0,0,0,,0,,,1,-18,0,0,0,0,-1.917618787,0,0,0,0,0,0,0,0,0,0,,0,,,,,0,-1.8,-1.8
2024,POST,00-0037291,J.Nailor,Jalen Nailor,WR,WR,0,0,0,0,0,0,0,0,0,0,0,0,,0,,,0,0,0,0,0,0,,0,3,5,33,0,0,0,72,8,2,0.035916838,0,0.458333333,0.125,0.171428571,0.3075,0,3.3,6.3
2024,POST,00-0037539,L.Krull,Lucas Krull,TE,TE,0,0,0,0,0,0,0,0,0,0,0,0,,0,,,0,0,0,0,0,0,,0,1,1,2,0,0,0,2,0,0,-0.017251486,0,1,0.043478261,0.007272727,0.0703083,0,0.2,1.2
2024,POST,00-0037557,R.Rivers,Ronnie Rivers,RB,RB,0,0,0,0,0,0,0,0,0,0,0,0,,0,,,3,8,0,0,0,0,-2.37983164,0,0,0,0,0,0,0,0,0,0,,0,,,,,0,0.8,0.8
2024,POST,00-0037614,J.Metchie,John Metchie,WR,WR,0,0,0,0,0,0,0,0,0,0,0,0,,0,,,0,0,0,0,0,0,,0,6,10,63,0,1,1,102,10,3,-7.181590603,0,0.617647059,0.166666667,0.175862069,0.373103448,0,4.3,10.3
2024,POST,00-0037617,H.Haskins,Hassan Haskins,RB,RB,0,0,0,0,0,0,0,0,0,0,0,0,,0,,,1,5,0,0,0,1,0.936565455,0,0,1,0,0,0,0,3,0,0,-0.830898539,0,0,0.03125,0.007407407,0.052060185,0,0.5,0.5
2024,POST,00-0037654,T.Fisk,Tucker Fisk,TE,TE,0,0,0,0,0,0,0,0,0,0,0,0,,0,,,0,0,0,0,0,0,,0,1,1,15,0,0,0,13,2,1,1.148265467,0,1.153846154,0.03125,0.032098765,0.069344136,0,1.5,2.5
2024,POST,00-0037741,J.Dotson,Jahan Dotson,WR,WR,0,0,0,0,0,0,0,0,0,0,0,0,,0,,,0,0,0,0,0,0,,0,3,5,53,1,0,0,45,17,3,2.960391589,0,1.177777778,0.12195122,0.141955836,0.282295914,0,11.3,14.3
2024,POST,00-0037746,B.Robinson,Brian Robinson,RB,RB,0,0,0,0,0,0,0,0,0,0,0,0,,0,,,36,129,2,0,0,7,1.028229184,0,4,5,22,0,0,0,-3,28,1,-1.52696709,0,-7.333333333,0.15625,-0.015789474,0.223322368,0,27.1,31.1
2024,POST,00-0037816,R.Doubs,Romeo Doubs,WR,WR,0,0,0,0,0,0,0,0,0,0,0,0,,0,,,0,0,0,0,0,0,,0,2,2,13,0,0,0,11,2,1,1.114133036,0,1.181818182,0.060606061,0.039711191,0.118706925,0,1.3,3.3
2024,POST,00-0037837,C.Austin,Calvin Austin,WR,WR,0,0,0,0,0,0,0,0,0,0,0,0,,0,,,0,0,0,0,0,0,,0,1,2,25,0,0,0,67,1,1,0.467295992,0,0.373134328,0.076923077,0.326829268,0.344165103,0,2.5,3.5
2024,POST,00-0037838,I.Likely,Isaiah Likely,TE,TE,0,0,0,0,0,0,0,0,0,0,0,0,,0,,,0,0,0,0,0,0,,0,7,9,126,1,0,0,123,41,4,8.820693211,0,1.024390244,0.204545455,0.329758713,0.537649281,0,18.6,25.6
2024,POST,00-0037840,K.Williams,Kyren Williams,RB,RB,0,0,0,0,0,0,0,0,0,0,0,0,,0,,,35,182,0,1,1,7,-8.147001715,0,4,5,15,1,0,0,-8,21,1,-0.781168155,0,-1.875,0.071428571,-0.012345679,0.098500882,0,23.7,27.7
2024,POST,00-0038102,K.Pickett,Kenny Pickett,QB,QB,0,1,0,0,0,0,0,0,0,6,0,0,-2.720175084,0,0,,5,-7,0,0,0,0,-4.68556838,0,0,0,0,0,0,0,0,0,0,,0,,,,,0,-0.7,-0.7
2024,POST,00-0038129,C.Otton,Cade Otton,TE,TE,0,0,0,0,0,0,0,0,0,0,0,0,,0,,,0,0,0,0,0,0,,0,2,2,32,0,0,0,13,19,2,2.514216899,0,2.461538462,0.117647059,0.094890511,0.242893946,0,3.2,5.2
2024,POST,00-0038393,D.Wicks,Dontayvion Wicks,WR,WR,0,0,0,0,0,0,0,0,0,0,0,0,,0,,,0,0,0,0,0,0,,0,2,6,39,0,0,0,144,2,2,1.036382807,0,0.270833333,0.181818182,0.519855596,0.63662619,0,3.9,5.9
2024,POST,00-0038465,M.Heath,Malik Heath,WR,WR,0,0,0,0,0,0,0,0,0,0,0,0,,0,,,0,0,0,0,0,0,,0,0,4,0,0,0,0,25,0,0,-8.324843388,0,0,0.121212121,0.090252708,0.244995077,0,0,0
2024,POST,00-0038544,Q.Johnston,Quentin Johnston,WR,WR,0,0,0,0,0,0,0,0,0,0,0,0,,0,,,0,0,0,0,0,0,,0,0,5,0,0,0,0,86,0,0,-9.589849887,0,0,0.15625,0.212345679,0.383016975,0,0,0
2024,POST,00-0038558,D.Washington,Darnell Washington,TE,TE,0,0,0,0,0,0,0,0,0,0,0,0,,0,,,0,0,0,0,0,0,,0,1,3,9,0,0,0,15,5,0,0.1775161,0,0.6,0.115384615,0.073170732,0.224296435,0,0.9,1.9
2024,POST,00-0038573,D.Davis,Derius Davis,WR,WR,0,0,0,0,0,0,0,0,0,0,0,0,,0,,,1,-3,0,0,0,0,-1.202874035,0,1,1,4,0,1,0,-7,11,0,-0.417262755,0,0,0.03125,-0.017283951,0.034776235,0,0.1,1.1
2024,POST,00-0038618,X.Hutchinson,Xavier Hutchinson,WR,WR,0,0,0,0,0,0,0,0,0,0,0,0,,0,,,0,0,0,0,0,0,,0,5,7,86,0,0,0,87,25,2,6.323326671,0,0.988505747,0.116666667,0.15,0.28,0,8.6,13.6
2024,POST,00-0038685,C.Brooks,Christopher Brooks,RB,RB,0,0,0,0,0,0,0,0,0,0,0,0,,0,,,0,0,0,0,0,0,,0,2,3,9,0,0,0,-11,18,0,-0.115139602,0,-0.818181818,0.090909091,-0.039711191,0.108565802,0,0.9,2.9
2024,POST,00-0038728,J.Wayne,Jared Wayne,WR,WR,0,0,0,0,0,0,0,0,0,0,0,0,,0,,,0,0,0,0,0,0,,0,0,2,0,0,0,0,40,0,0,-1.493777231,0,0,0.071428571,0.148148148,0.210846561,0,0,0
2024,POST,00-0038794,J.McLaughlin,Jaleel McLaughlin,RB,RB,0,0,0,0,0,0,0,0,0,0,0,0,,0,,,2,-2,0,0,0,0,-1.725498753,0,1,1,0,0,0,0,-2,2,0,-3.312370793,0,0,0.043478261,-0.007272727,0.060126482,0,-0.2,0.8
2024,POST,00-0038797,E.Wilson,Emanuel Wilson,RB,RB,0,0,0,0,0,0,0,0,0,0,0,0,,0,,,3,6,0,0,0,0,-2.073123405,0,1,3,23,0,0,0,7,30,1,0.548430211,0,3.285714286,0.090909091,0.025270758,0.154053167,0,2.9,3.9
2024,POST,00-0038933,D.Kincaid,Dalton Kincaid,TE,TE,0,0,0,0,0,0,0,0,0,0,0,0,,0,,,0,0,0,0,0,0,,0,6,9,71,0,0,0,98,22,2,0.124048351,0,0.724489796,0.116883117,0.156549521,0.28490934,0,7.1,13.1
2024,POST,00-0038976,M.Mims,Marvin Mims,WR,WR,0,0,0,0,0,0,0,0,0,0,0,0,,0,,,2,1,0,0,0,1,-0.772196345,0,2,4,12,0,0,0,38,3,1,0.922351928,0,0.315789474,0.173913043,0.138181818,0.357596838,0,1.3,3.3
2024,POST,00-0038994,J.Addison,Jordan Addison,WR,WR,0,0,0,0,0,0,0,0,0,0,0,0,,0,,,0,0,0,0,0,0,,0,3,8,29,0,0,0,154,0,2,-4.027720332,0,0.188311688,0.2,0.366666667,0.556666667,0,2.9,5.9
2024,POST,00-0038996,T.Kraft,Tucker Kraft,TE,TE,0,0,0,0,0,0,0,0,0,0,0,0,,0,,,2,10,0,0,0,2,2.645892924,0,5,5,26,0,0,0,5,21,1,0.112156608,0,5.2,0.151515152,0.018050542,0.239908106,0,3.6,8.6
2024,POST,00-0039065,S.LaPorta,Sam LaPorta,TE,TE,0,0,0,0,0,0,0,0,0,0,0,0,,0,,,0,0,0,0,0,0,,0,6,7,51,1,0,0,29,22,3,1.582399242,0,1.75862069,0.179487179,0.083094556,0.327396958,0,11.1,17.1
2024,POST,00-0039074,D.Allen,Davis Allen,TE,TE,0,0,0,0,0,0,0,0,0,0,0,0,,0,,,0,0,0,0,0,0,,0,1,2,13,1,0,0,10,8,1,2.300397941,0,1.3,0.076923077,0.048780488,0.149530957,0,7.3,8.3
2024,POST,00-0039075,P.Nacua,Puka Nacua,WR,WR,0,0,0,0,0,0,0,0,0,0,0,0,,0,,,1,7,0,0,0,0,0.224763814,0,11,23,141,0,0,0,207,59,6,-3.137182629,0,0.68115942,0.328571429,0.319444444,0.716468254,0,14.8,25.8
2024,POST,00-0039139,J.Gibbs,Jahmyr Gibbs,RB,RB,0,0,0,0,0,0,0,0,0,0,0,0,,0,,,14,105,2,0,0,6,5.346452908,0,6,11,70,0,0,0,52,51,5,-1.899637286,0,1.346153846,0.282051282,0.148997135,0.527374917,0,29.5,35.5
2024,POST,00-0039146,J.Reed,Jayden Reed,WR,WR,0,0,0,0,0,0,0,0,0,0,0,0,,0,,,0,0,0,0,0,0,,0,4,4,46,0,0,0,26,20,3,3.436470564,0,1.769230769,0.121212121,0.093862816,0.247522153,0,4.6,8.6
2024,POST,00-0039163,C.Stroud,C.J. Stroud,QB,QB,41,61,527,1,1,11,79,2,0,587,180,24,2.120678091,0,0.897785349,0.083642061,12,84,0,0,0,5,6.867068372,0,0,0,0,0,0,0,0,0,0,,0,,,,,0,31.48,31.48
2024,POST,00-0039236,J.Wilson,Johnny Wilson,WR,WR,0,0,0,0,0,0,0,0,0,0,0,0,,0,,,0,0,0,0,0,0,,0,0,1,0,0,0,0,2,0,0,-0.623374897,0,0,0.043478261,0.010152284,0.07232399,0,0,0
2024,POST,00-0039355,L.McCaffrey,Luke McCaffrey,WR,WR,0,0,0,0,0,0,0,0,0,0,0,0,,0,,,0,0,0,0,0,0,,0,0,1,0,0,0,0,10,0,0,-1.146034126,0,0,0.021276596,0.028490028,0.051857914,0,0,0
2024,POST,00-0039359,C.Stover,Cade Stover,TE,TE,0,0,0,0,0,0,0,0,0,0,0,0,,0,,,0,0,0,0,0,0,,0,4,4,28,0,0,0,9,19,1,0.637855903,0,3.111111111,0.125,0.029032258,0.207822581,0,2.8,6.8
2024,POST,00-0039361,B.Irving,Bucky Irving,RB,RB,0,0,0,0,0,0,0,0,0,0,0,0,,0,,,17,77,0,0,0,3,-1.071165695,0,2,2,6,1,0,0,-6,12,1,0.823910554,0,-1,0.117647059,-0.04379562,0.145813654,0,14.3,16.3
2024,POST,00-0039424,D.Vele,Devaughn Vele,WR,WR,0,0,0,0,0,0,0,0,0,0,0,0,,0,,,0,0,0,0,0,0,,0,0,2,0,0,0,0,17,0,0,-1.367147161,0,0,0.086956522,0.061818182,0.17370751,0,0,0
2024,POST,00-0039732,B.Nix,Bo Nix,QB,QB,13,22,144,1,0,2,14,0,0,260,30,6,-7.437494958,0,0.553846154,-0.000200686,4,43,0,0,0,4,2.35898284,0,0,0,0,0,0,0,0,0,0,,0,,,,,0,14.06,14.06
2024,POST,00-0039746,W.Shipley,Will Shipley,RB,RB,0,0,0,0,0,0,0,0,0,0,0,0,,0,,,4,77,1,0,0,3,5.90102317,0,0,0,0,0,0,0,0,0,0,,0,,,,,0,13.7,13.7
2024,POST,00-0039751,J.Whittington,Jordan Whittington,WR,WR,0,0,0,0,0,0,0,0,0,0,0,0,,0,,,0,0,0,0,0,0,,0,1,1,12,0,0,0,11,1,1,1.22865317,0,1.090909091,0.022727273,0.0248307,0.051472399,0,1.2,2.2
2024,POST,00-0039855,J.McMillan,Jalen McMillan,WR,WR,0,0,0,0,0,0,0,0,0,0,0,0,,0,,,0,0,0,0,0,0,,0,2,4,41,0,0,0,63,11,2,-0.188119007,0,0.650793651,0.235294118,0.459854015,0.674838987,0,4.1,6.1
2024,POST,00-0039868,T.Franklin,Troy Franklin,WR,WR,0,0,0,0,0,0,0,0,0,0,0,0,,0,,,0,0,0,0,0,0,,0,2,3,54,1,0,0,60,0,2,3.600560492,0,0.9,0.130434783,0.218181818,0.348379447,0,11.4,13.4
2024,POST,00-0039875,R.Davis,Ray Davis,RB,RB,0,0,0,0,0,0,0,0,0,0,0,0,,0,,,7,36,1,1,0,2,1.845777963,0,0,0,0,0,0,0,0,0,0,,0,,,,,0,9.6,9.6
2024,POST,00-0039894,X.Worthy,Xavier Worthy,WR,WR,0,0,0,0,0,0,0,0,0,0,0,0,,0,,,3,8,0,0,0,0,-0.484903243,0,19,21,287,3,0,0,169,112,13,21.85957297,0,1.698224852,0.259259259,0.291882556,0.593206678,0,47.5,66.5
2024,POST,00-0039901,K.Coleman,Keon Coleman,WR,WR,0,0,0,0,0,0,0,0,0,0,0,0,,0,,,0,0,0,0,0,0,,0,3,8,22,0,0,0,123,4,1,-4.601616094,1,0.178861789,0.103896104,0.196485623,0.293384092,0,4.2,7.2
2024,POST,00-0039910,J.Daniels,Jayden Daniels,QB,QB,75,114,822,5,1,4,27,0,0,727,432,43,30.15284076,1,1.130674003,0.154162487,35,135,1,0,0,9,3.832611589,0,0,0,0,0,0,0,0,0,0,,0,,,,,0,72.38,72.38
2024,POST,00-0039912,B.Sinnott,Ben Sinnott,TE,TE,0,0,0,0,0,0,0,0,0,0,0,0,,0,,,0,0,0,0,0,0,,0,1,1,23,0,0,0,16,7,1,3.984215603,0,1.4375,0.021276596,0.045584046,0.063823726,0,2.3,3.3
2024,POST,00-0039915,L.McConkey,Ladd McConkey,WR,WR,0,0,0,0,0,0,0,0,0,0,0,0,,0,,,0,0,0,0,0,0,,0,9,14,197,1,0,0,210,79,8,8.271156648,0,0.938095238,0.4375,0.518518519,1.019212963,0,25.7,34.7
